,comercio_id,mes_operacion,estado,moneda,num_transacciones,monto_transaccion,monto_contracargo_venta
0,0,01/07/21,IN_PROGRESS,MXN,"3,679,780",11928910467.0,0.0
1,0,01/07/21,COMPLETED,MXN,"12,366",23472915.0,0.0
2,0,01/07/21,FAILED,MXN,"5,115",7124189.72,0.0
3,0,01/08/21,IN_PROGRESS,MXN,"2,536,306",8193985268.0,0.0
4,0,01/08/21,CANCELLED,MXN,"876,854",2786923528.0,0.0
5,0,01/08/21,COMPLETED,MXN,"11,693",22654486.0,0.0
6,0,01/08/21,FAILED,MXN,"4,629",6616879.32,0.0
7,1,01/07/21,IN_PROGRESS,MXN,"1,748,668",2975559643.0,0.0
8,1,01/07/21,COMPLETED,MXN,"8,218",9188680.0,0.0
9,1,01/07/21,FAILED,MXN,"3,969",3114530.59,0.0
10,1,01/08/21,IN_PROGRESS,MXN,"2,024,423",3373727716.0,0.0
11,1,01/08/21,COMPLETED,MXN,"8,433",10123512.0,0.0
12,1,01/08/21,FAILED,MXN,"3,923",3188906.68,0.0
13,2,01/07/21,FAILED,MXN,"1,740,857",143075558.0,0.0
14,2,01/07/21,COMPLETED,MXN,"190,740",14991421.4,292951.89
15,2,01/07/21,ERROR,MXN,"5,528",453723.8,0.0
16,2,01/07/21,IN_PROGRESS,MXN,27,2306.56,0.0
17,2,01/08/21,FAILED,MXN,"1,399,830",108046906.47,0.0
18,2,01/08/21,COMPLETED,MXN,"168,731",12607617.0,245044.31
19,2,01/08/21,ERROR,MXN,555,42137.63,0.0
20,2,01/08/21,CANCELLED,MXN,8,1748135.91,0.0
21,3,01/07/21,FAILED,MXN,"812,579",284702277.9,0.0
22,3,01/07/21,COMPLETED,MXN,"613,500",173899830.15,314904.55
23,3,01/07/21,ERROR,MXN,"19,883",16321286.01,0.0
24,3,01/07/21,CANCELLED,MXN,"14,659",146861.42,0.0
25,3,01/07/21,IN_PROGRESS,MXN,"1,506",7818.49,0.0
26,3,01/08/21,FAILED,MXN,"808,349",281562047.36,0.0
27,3,01/08/21,COMPLETED,MXN,"645,769",186947938.6,283435.29
28,3,01/08/21,ERROR,MXN,"18,423",15530694.39,0.0
29,3,01/08/21,CANCELLED,MXN,"14,977",146557.84,0.0
30,3,01/08/21,IN_PROGRESS,MXN,440,1413.62,0.0
31,4,01/07/21,COMPLETED,MXN,"788,067",57990070.9,376341.6
32,4,01/07/21,FAILED,MXN,"368,521",28719506.49,0.0
33,4,01/07/21,CANCELLED,MXN,"38,401",5812923.14,0.0
34,4,01/07/21,ERROR,MXN,"1,150",97923.0,0.0
35,4,01/07/21,IN_PROGRESS,MXN,4,255.19,0.0
36,4,01/08/21,COMPLETED,MXN,"869,162",61808315.01,395699.31
37,4,01/08/21,FAILED,MXN,"365,878",27945608.75,0.0
38,4,01/08/21,CANCELLED,MXN,"36,408",5341475.28,0.0
39,4,01/08/21,ERROR,MXN,418,36899.61,0.0
40,5,01/07/21,FAILED,MXN,"1,528,610",221300080.12,0.0
41,5,01/07/21,COMPLETED,MXN,"57,263",7639903.39,26570.79
42,5,01/07/21,CANCELLED,MXN,"3,718",43548.84,0.0
43,5,01/07/21,ERROR,MXN,"3,285",389909.87,0.0
44,5,01/07/21,IN_PROGRESS,MXN,15,1917.0,0.0
45,5,01/08/21,FAILED,MXN,"587,480",83874503.08,0.0
46,5,01/08/21,COMPLETED,MXN,"28,070",4001703.46,13986.54
47,5,01/08/21,CANCELLED,MXN,"1,006",9585.83,0.0
48,5,01/08/21,ERROR,MXN,247,28747.76,0.0
49,5,01/08/21,IN_PROGRESS,MXN,1,99.03,0.0
50,6,01/07/21,FAILED,MXN,"632,051",512482460.57,0.0
51,6,01/07/21,COMPLETED,MXN,"419,077",304352460.96,0.0
52,6,01/07/21,ERROR,MXN,"1,061",809507.47,0.0
53,6,01/08/21,FAILED,MXN,"619,928",459733157.74,0.0
54,6,01/08/21,COMPLETED,MXN,"413,001",276150215.92,0.0
55,6,01/08/21,ERROR,MXN,36,112290.68,0.0
56,7,01/07/21,FAILED,MXN,"344,323",14156127.7,0.0
57,7,01/07/21,COMPLETED,MXN,"245,589",19735344.06,85700.56
58,7,01/07/21,CANCELLED,MXN,"239,346",4770441.37,0.0
59,7,01/07/21,ERROR,MXN,709,22201.9,0.0
60,7,01/07/21,IN_PROGRESS,MXN,1,74.5,0.0
61,7,01/08/21,COMPLETED,MXN,"237,333",19037873.54,150237.97
62,7,01/08/21,FAILED,MXN,"234,983",16713904.1,0.0
63,7,01/08/21,CANCELLED,MXN,"31,859",638745.27,0.0
64,7,01/08/21,ERROR,MXN,173,11405.6,0.0
65,8,01/07/21,FAILED,MXN,"304,504",24625859.35,0.0
66,8,01/07/21,COMPLETED,MXN,"127,622",14117235.79,779.98
67,8,01/07/21,CANCELLED,MXN,"26,696",57995.91,0.0
68,8,01/07/21,ERROR,MXN,425,35631.0,0.0
69,8,01/07/21,IN_PROGRESS,MXN,3,331.62,0.0
70,8,01/08/21,FAILED,MXN,"302,419",23219584.1,0.0
71,8,01/08/21,COMPLETED,MXN,"131,441",14082476.77,749.62
72,8,01/08/21,CANCELLED,MXN,"17,914",30153.22,0.0
73,8,01/08/21,ERROR,MXN,80,6086.48,0.0
74,9,01/07/21,COMPLETED,MXN,"333,827",31143956.0,5763.0
75,9,01/07/21,IN_PROGRESS,MXN,"45,807",5402176.0,0.0
76,9,01/07/21,FAILED,MXN,"17,026",1640402.1,0.0
77,9,01/07/21,ERROR,MXN,107,10946.0,0.0
78,9,01/08/21,COMPLETED,MXN,"329,130",29310785.0,4205.0
79,9,01/08/21,IN_PROGRESS,MXN,"48,406",4852611.0,0.0
80,9,01/08/21,FAILED,MXN,"13,754",1269693.52,0.0
81,9,01/08/21,ERROR,MXN,8,700.0,0.0
82,10,01/07/21,COMPLETED,MXN,"247,608",701342007.69,0.0
83,10,01/07/21,FAILED,MXN,"62,682",254993474.97,0.0
84,10,01/07/21,EXPIRED,MXN,"1,673",2278262.02,0.0
85,10,01/07/21,ERROR,MXN,430,943817.45,0.0
86,10,01/08/21,COMPLETED,MXN,"288,396",915959994.91,0.0
87,10,01/08/21,FAILED,MXN,"96,290",381943214.05,0.0
88,10,01/08/21,EXPIRED,MXN,"1,734",3832436.76,0.0
89,10,01/08/21,ERROR,MXN,111,2547593.71,0.0
90,11,01/07/21,COMPLETED,MXN,"211,042",198446189.13,0.0
91,11,01/07/21,FAILED,MXN,"61,316",92056912.39,0.0
92,11,01/07/21,EXPIRED,MXN,"15,947",30546972.07,0.0
93,11,01/07/21,CANCELLED,MXN,"6,426",11691475.65,0.0
94,11,01/07/21,ERROR,MXN,533,622668.23,0.0
95,11,01/07/21,IN_PROGRESS,MXN,168,249751.43,0.0
96,11,01/07/21,CHARGE_PENDING,MXN,1,0.01,0.0
97,11,01/08/21,COMPLETED,MXN,"230,799",213916813.84,0.0
98,11,01/08/21,FAILED,MXN,"82,219",114701987.41,0.0
99,11,01/08/21,EXPIRED,MXN,"16,557",35467724.28,0.0
100,11,01/08/21,CANCELLED,MXN,"5,443",9405654.54,0.0
101,11,01/08/21,CHARGE_PENDING,MXN,218,19085.13,0.0
102,11,01/08/21,IN_PROGRESS,MXN,179,236913.55,0.0
103,11,01/08/21,ERROR,MXN,130,159171.95,0.0
104,12,01/07/21,COMPLETED,MXN,"185,559",827874542.05,0.0
105,12,01/07/21,FAILED,MXN,"81,524",482249579.44,0.0
106,12,01/07/21,ERROR,MXN,315,1707661.87,0.0
107,12,01/08/21,COMPLETED,MXN,"212,672",998299943.52,0.0
108,12,01/08/21,FAILED,MXN,"108,575",684735981.59,0.0
109,12,01/08/21,ERROR,MXN,109,508430.76,0.0
110,12,01/08/21,EXPIRED,MXN,20,126499.99,0.0
129,14,01/07/21,COMPLETED,MXN,"131,354",82248011.43,187615.66
130,14,01/07/21,FAILED,MXN,"66,558",54518892.13,0.0
131,14,01/07/21,EXPIRED,MXN,"12,745",9971724.49,0.0
132,14,01/07/21,ERROR,MXN,716,569102.78,0.0
133,14,01/07/21,CANCELLED,MXN,1,468.0,0.0
134,14,01/08/21,COMPLETED,MXN,"112,492",65727752.95,54035.66
135,14,01/08/21,FAILED,MXN,"88,891",60731728.44,0.0
136,14,01/08/21,EXPIRED,MXN,"18,206",11693118.98,0.0
137,14,01/08/21,ERROR,MXN,153,82929.8,0.0
138,14,01/08/21,CANCELLED,MXN,1,1558.0,0.0
139,15,01/07/21,COMPLETED,MXN,"50,269",7714550.0,65850.0
140,15,01/07/21,FAILED,MXN,"18,292",2910250.0,0.0
141,15,01/07/21,ERROR,MXN,14,2500.0,0.0
142,15,01/08/21,COMPLETED,MXN,"195,956",36301500.0,7600200.0
143,15,01/08/21,FAILED,MXN,"142,266",34822200.0,0.0
144,15,01/08/21,ERROR,MXN,122,27250.0,0.0
145,16,01/07/21,COMPLETED,MXN,"134,435",33785790.1,9719.0
146,16,01/07/21,FAILED,MXN,"52,341",17309102.65,0.0
147,16,01/07/21,CANCELLED,MXN,"5,607",1365307.25,0.0
148,16,01/07/21,ERROR,MXN,52,12266.25,0.0
149,16,01/07/21,IN_PROGRESS,MXN,15,3709.0,0.0
150,16,01/08/21,COMPLETED,MXN,"134,891",33279873.35,2590.0
151,16,01/08/21,FAILED,MXN,"48,915",15743501.3,0.0
152,16,01/08/21,CANCELLED,MXN,"6,684",1608402.75,0.0
153,16,01/08/21,IN_PROGRESS,MXN,14,3942.6,0.0
154,16,01/08/21,ERROR,MXN,9,2483.6,0.0
155,17,01/07/21,COMPLETED,MXN,"164,886",3946923.77,3565.0
156,17,01/07/21,FAILED,MXN,"21,049",737632.59,0.0
157,17,01/07/21,ERROR,MXN,159,3999.5,0.0
158,17,01/07/21,CANCELLED,MXN,7,2500.0,0.0
159,17,01/07/21,IN_PROGRESS,MXN,3,900.0,0.0
160,17,01/08/21,COMPLETED,MXN,"163,135",3912816.3,6172.0
161,17,01/08/21,FAILED,MXN,"20,581",841318.0,0.0
162,17,01/08/21,ERROR,MXN,28,2151.5,0.0
163,17,01/08/21,CANCELLED,MXN,2,600.0,0.0
164,18,01/07/21,COMPLETED,MXN,"144,121",14053844.0,21840.0
165,18,01/07/21,FAILED,MXN,"26,706",2516740.0,0.0
166,18,01/07/21,ERROR,MXN,114,10389.0,0.0
167,18,01/08/21,COMPLETED,MXN,"151,768",14134112.0,29326.0
168,18,01/08/21,FAILED,MXN,"28,458",2679845.0,0.0
169,18,01/08/21,ERROR,MXN,28,2482.0,0.0
170,19,01/07/21,COMPLETED,MXN,"78,811",76719506.61,0.0
171,19,01/07/21,FAILED,MXN,"30,574",36379070.18,0.0
172,19,01/07/21,EXPIRED,MXN,"11,056",9200971.43,0.0
173,19,01/07/21,CANCELLED,MXN,"4,787",6793417.15,0.0
174,19,01/07/21,ERROR,MXN,977,749207.01,0.0
175,19,01/07/21,IN_PROGRESS,MXN,576,762174.48,0.0
176,19,01/08/21,COMPLETED,MXN,"87,948",82562770.21,0.0
177,19,01/08/21,FAILED,MXN,"35,346",46208701.88,0.0
178,19,01/08/21,EXPIRED,MXN,"11,617",8896853.68,0.0
179,19,01/08/21,CANCELLED,MXN,"5,444",8216017.34,0.0
180,19,01/08/21,IN_PROGRESS,MXN,817,972432.0,0.0
181,19,01/08/21,ERROR,MXN,322,279713.51,0.0
182,20,01/07/21,COMPLETED,MXN,"81,523",37938779.52,570342.48
183,20,01/07/21,FAILED,MXN,"33,200",23652065.49,0.0
184,20,01/07/21,ERROR,MXN,136,65171.27,0.0
185,20,01/08/21,COMPLETED,MXN,"90,639",44031151.78,827764.96
186,20,01/08/21,FAILED,MXN,"42,897",31086039.04,0.0
187,20,01/08/21,ERROR,MXN,112,63257.05,0.0
188,21,01/07/21,COMPLETED,MXN,"71,398",19730519.0,0.0
189,21,01/07/21,IN_PROGRESS,MXN,"42,328",17212675.0,0.0
190,21,01/07/21,FAILED,MXN,"3,144",874400.01,0.0
191,21,01/08/21,COMPLETED,MXN,"77,138",21150471.0,0.0
192,21,01/08/21,IN_PROGRESS,MXN,"44,798",18239892.0,0.0
193,21,01/08/21,FAILED,MXN,"3,029",822306.28,0.0
194,22,01/07/21,COMPLETED,MXN,"28,845",8712649.0,0.0
195,22,01/07/21,FAILED,MXN,"25,519",8228017.0,0.0
196,22,01/07/21,IN_PROGRESS,MXN,"19,087",7406305.0,0.0
197,22,01/07/21,EXPIRED,MXN,"10,168",3184002.0,0.0
198,22,01/07/21,CANCELLED,MXN,"6,450",2282434.0,0.0
199,22,01/07/21,ERROR,MXN,342,116851.0,0.0
200,22,01/08/21,FAILED,MXN,"31,381",10014172.6,0.0
201,22,01/08/21,COMPLETED,MXN,"28,729",8447641.0,0.0
202,22,01/08/21,IN_PROGRESS,MXN,"26,859",10359300.0,0.0
203,22,01/08/21,EXPIRED,MXN,"10,563",3183963.0,0.0
204,22,01/08/21,CANCELLED,MXN,"6,634",2281028.0,0.0
205,22,01/08/21,ERROR,MXN,61,19567.0,0.0
206,23,01/07/21,IN_PROGRESS,MXN,"69,113",304653902.73,0.0
207,23,01/07/21,CANCELLED,MXN,"11,692",82899593.6,0.0
208,23,01/07/21,COMPLETED,MXN,"4,917",30986642.18,0.0
209,23,01/07/21,FAILED,MXN,547,1928724.26,0.0
210,23,01/08/21,IN_PROGRESS,MXN,"88,976",311376979.01,0.0
211,23,01/08/21,CANCELLED,MXN,"11,063",65383905.48,0.0
212,23,01/08/21,COMPLETED,MXN,"7,360",31236467.03,0.0
213,23,01/08/21,FAILED,MXN,602,1966883.92,0.0
214,24,01/07/21,COMPLETED,MXN,"80,698",32934200.0,167700.0
215,24,01/07/21,FAILED,MXN,"16,333",6675600.0,0.0
216,24,01/07/21,ERROR,MXN,252,101200.0,0.0
217,24,01/08/21,COMPLETED,MXN,"75,054",30082000.0,51900.0
218,24,01/08/21,FAILED,MXN,"19,586",8047900.0,0.0
219,24,01/08/21,ERROR,MXN,96,27300.0,0.0
220,25,01/07/21,FAILED,MXN,"69,576",9090528.03,0.0
221,25,01/07/21,COMPLETED,MXN,"23,168",2197999.62,29004.16
222,25,01/07/21,EXPIRED,MXN,"11,131",1346384.36,0.0
223,25,01/07/21,CANCELLED,MXN,624,81041.06,0.0
224,25,01/07/21,ERROR,MXN,487,61009.17,0.0
225,25,01/07/21,IN_PROGRESS,MXN,1,20.0,0.0
226,25,01/08/21,FAILED,MXN,"53,522",7118733.22,0.0
227,25,01/08/21,COMPLETED,MXN,"23,445",2274937.14,42494.37
228,25,01/08/21,EXPIRED,MXN,"8,697",1044036.81,0.0
229,25,01/08/21,CANCELLED,MXN,723,96191.74,0.0
230,25,01/08/21,ERROR,MXN,77,8429.38,0.0
231,26,01/07/21,FAILED,MXN,"65,399",154826073.05,0.0
232,26,01/07/21,COMPLETED,MXN,"28,099",43862181.08,3229434.3
233,26,01/07/21,ERROR,MXN,77,159750.45,0.0
234,26,01/08/21,FAILED,MXN,"53,277",111349973.12,0.0
235,26,01/08/21,COMPLETED,MXN,"27,325",41857554.77,1101821.29
236,26,01/08/21,ERROR,MXN,30,80408.76,0.0
247,28,01/07/21,IN_PROGRESS,MXN,"80,277",197122477.58,0.0
248,28,01/07/21,COMPLETED,MXN,167,3166407.31,0.0
249,28,01/07/21,FAILED,MXN,41,20565.34,0.0
250,28,01/08/21,IN_PROGRESS,MXN,"91,138",257291816.04,0.0
251,28,01/08/21,COMPLETED,MXN,189,77674.0,0.0
252,28,01/08/21,FAILED,MXN,55,22218.0,0.0
253,28,01/08/21,CANCELLED,MXN,2,4201.72,0.0
254,29,01/07/21,COMPLETED,MXN,"38,781",8858376.96,368324.0
255,29,01/07/21,FAILED,MXN,"38,001",7609673.83,0.0
256,29,01/07/21,ERROR,MXN,54,11817.01,0.0
257,29,01/08/21,COMPLETED,MXN,"42,128",9424509.69,312336.35
258,29,01/08/21,FAILED,MXN,"39,266",7737701.21,0.0
259,29,01/08/21,ERROR,MXN,15,2658.95,0.0
260,30,01/07/21,FAILED,MXN,"36,917",73085063.52,0.0
261,30,01/07/21,COMPLETED,MXN,"24,636",28384151.49,15524.46
262,30,01/07/21,EXPIRED,MXN,"4,190",7910050.94,0.0
263,30,01/07/21,CANCELLED,MXN,"1,551",5108261.88,0.0
264,30,01/07/21,ERROR,MXN,191,326962.91,0.0
265,30,01/07/21,IN_PROGRESS,MXN,143,356737.87,0.0
266,30,01/08/21,FAILED,MXN,"46,288",101760924.62,0.0
267,30,01/08/21,COMPLETED,MXN,"28,263",33005052.32,18384.94
268,30,01/08/21,EXPIRED,MXN,"4,356",8740126.67,0.0
269,30,01/08/21,CANCELLED,MXN,"2,153",7651063.94,0.0
270,30,01/08/21,IN_PROGRESS,MXN,244,798238.55,0.0
271,30,01/08/21,ERROR,MXN,34,38876.93,0.0
272,31,01/07/21,FAILED,MXN,"45,143",56351159.5,0.0
273,31,01/07/21,COMPLETED,MXN,"32,273",28590585.0,935597.0
274,31,01/07/21,ERROR,MXN,521,599844.0,0.0
275,31,01/08/21,FAILED,MXN,"42,678",46805425.0,0.0
276,31,01/08/21,COMPLETED,MXN,"25,447",21145658.0,900856.5
277,31,01/08/21,ERROR,MXN,470,580103.0,0.0
278,32,01/07/21,COMPLETED,MXN,"4,446",1553408.58,0.0
279,32,01/07/21,FAILED,MXN,"4,070",1472414.49,0.0
280,32,01/07/21,IN_PROGRESS,MXN,"1,268",1543183.19,0.0
281,32,01/08/21,IN_PROGRESS,MXN,"133,710",930216090.36,0.0
282,32,01/08/21,COMPLETED,MXN,"1,083",417919.13,0.0
283,32,01/08/21,FAILED,MXN,159,125415.07,0.0
284,33,01/07/21,COMPLETED,MXN,"72,289",226705365.87,0.0
285,33,01/07/21,FAILED,MXN,557,1217936.66,0.0
286,33,01/07/21,CANCELLED,MXN,41,83434.09,0.0
287,33,01/08/21,COMPLETED,MXN,"70,826",221793119.41,0.0
288,33,01/08/21,FAILED,MXN,568,1304048.58,0.0
289,33,01/08/21,CANCELLED,MXN,5,9001.5,0.0
290,34,01/07/21,COMPLETED,MXN,"39,714",860666266.45,129354.96
291,34,01/07/21,FAILED,MXN,"20,845",765889202.57,0.0
292,34,01/07/21,EXPIRED,MXN,"1,220",68296212.09,0.0
293,34,01/07/21,ERROR,MXN,232,5627572.96,0.0
294,34,01/08/21,COMPLETED,MXN,"53,122",1235608055.79,213866.2
295,34,01/08/21,FAILED,MXN,"25,648",967836669.39,0.0
296,34,01/08/21,EXPIRED,MXN,"1,383",82847872.66,0.0
297,34,01/08/21,ERROR,MXN,29,718303.85,0.0
298,35,01/07/21,IN_PROGRESS,MXN,"59,790",495300673.97,0.0
299,35,01/07/21,COMPLETED,MXN,367,2052841.0,0.0
300,35,01/07/21,FAILED,MXN,140,615168.51,0.0
301,35,01/08/21,IN_PROGRESS,MXN,"73,807",649431425.44,0.0
302,35,01/08/21,COMPLETED,MXN,422,2157473.0,0.0
303,35,01/08/21,FAILED,MXN,151,624787.75,0.0
304,36,01/07/21,COMPLETED,MXN,"60,194",198661741.48,0.0
305,36,01/07/21,FAILED,MXN,"4,240",15025418.79,0.0
306,36,01/07/21,CANCELLED,MXN,74,206588.0,0.0
307,36,01/08/21,COMPLETED,MXN,"59,997",198184124.53,0.0
308,36,01/08/21,FAILED,MXN,530,1549415.9,0.0
309,36,01/08/21,CANCELLED,MXN,2,10000.0,0.0
310,37,01/07/21,COMPLETED,MXN,"33,913",9611915.41,16541.59
311,37,01/07/21,FAILED,MXN,"20,267",8344988.85,0.0
312,37,01/07/21,ERROR,MXN,15,4330.91,0.0
313,37,01/08/21,COMPLETED,MXN,"36,669",10371518.49,15628.15
314,37,01/08/21,FAILED,MXN,"22,509",9445382.39,0.0
315,37,01/08/21,ERROR,MXN,3,897.0,0.0
316,38,01/07/21,COMPLETED,MXN,"31,719",25583304.0,292316.0
317,38,01/07/21,FAILED,MXN,"19,060",18943745.0,0.0
318,38,01/07/21,EXPIRED,MXN,"1,063",857947.0,0.0
319,38,01/07/21,IN_PROGRESS,MXN,716,619268.0,0.0
320,38,01/07/21,ERROR,MXN,205,80337.0,0.0
321,38,01/08/21,COMPLETED,MXN,"30,984",24067866.0,169192.0
322,38,01/08/21,FAILED,MXN,"24,128",24394967.0,0.0
323,38,01/08/21,EXPIRED,MXN,"1,099",938700.0,0.0
324,38,01/08/21,IN_PROGRESS,MXN,785,590175.0,0.0
325,38,01/08/21,ERROR,MXN,36,29949.0,0.0
326,39,01/07/21,COMPLETED,MXN,"21,426",3934431.42,49775.57
327,39,01/07/21,FAILED,MXN,"16,336",3102272.06,0.0
328,39,01/07/21,IN_PROGRESS,MXN,"3,017",499028.39,0.0
329,39,01/07/21,EXPIRED,MXN,"2,366",584677.78,0.0
330,39,01/07/21,CANCELLED,MXN,"2,175",253384.2,0.0
331,39,01/07/21,ERROR,MXN,78,20743.26,0.0
332,39,01/08/21,COMPLETED,MXN,"23,745",3983671.34,73896.95
333,39,01/08/21,FAILED,MXN,"17,750",3693652.27,0.0
334,39,01/08/21,IN_PROGRESS,MXN,"3,945",663422.38,0.0
335,39,01/08/21,EXPIRED,MXN,"3,075",915367.11,0.0
336,39,01/08/21,CANCELLED,MXN,"2,273",1268604.81,0.0
337,39,01/08/21,ERROR,MXN,31,9577.86,0.0
338,40,01/07/21,COMPLETED,MXN,"26,234",4504672.34,0.0
339,40,01/07/21,IN_PROGRESS,MXN,"11,332",1897482.64,0.0
340,40,01/07/21,FAILED,MXN,"2,406",789098.6,0.0
341,40,01/07/21,CANCELLED,MXN,"1,413",299840.86,0.0
342,40,01/07/21,EXPIRED,MXN,416,175971.0,0.0
343,40,01/07/21,ERROR,MXN,39,12310.0,0.0
344,40,01/08/21,COMPLETED,MXN,"30,968",4774002.2,0.0
345,40,01/08/21,IN_PROGRESS,MXN,"13,599",2005451.2,0.0
346,40,01/08/21,FAILED,MXN,"2,847",817395.87,0.0
347,40,01/08/21,CANCELLED,MXN,"1,377",276450.96,0.0
348,40,01/08/21,EXPIRED,MXN,464,185579.0,0.0
349,40,01/08/21,ERROR,MXN,6,2769.0,0.0
350,41,01/07/21,COMPLETED,MXN,"27,542",11684631.0,28844.9
351,41,01/07/21,FAILED,MXN,"9,625",5285215.48,0.0
352,41,01/07/21,IN_PROGRESS,MXN,"1,784",781323.08,0.0
353,41,01/07/21,ERROR,MXN,32,17038.1,0.0
354,41,01/08/21,COMPLETED,MXN,"32,685",13697916.16,64140.0
355,41,01/08/21,FAILED,MXN,"12,172",6727960.4,0.0
356,41,01/08/21,IN_PROGRESS,MXN,"1,917",823552.82,0.0
357,41,01/08/21,ERROR,MXN,6,5632.0,0.0
358,42,01/07/21,IN_PROGRESS,MXN,"25,743",31310571.44,0.0
359,42,01/07/21,CANCELLED,MXN,"12,269",14427212.97,0.0
360,42,01/07/21,COMPLETED,MXN,"1,919",2492236.87,0.0
361,42,01/07/21,FAILED,MXN,986,1138182.82,0.0
362,42,01/08/21,IN_PROGRESS,MXN,"30,268",44574855.36,0.0
363,42,01/08/21,CANCELLED,MXN,"10,090",15100759.69,0.0
364,42,01/08/21,COMPLETED,MXN,"2,485",3892769.36,0.0
365,42,01/08/21,FAILED,MXN,934,1360678.64,0.0
366,43,01/07/21,COMPLETED,MXN,"28,504",66232242.46,629477.08
367,43,01/07/21,FAILED,MXN,"19,243",47387234.51,0.0
368,43,01/07/21,CANCELLED,MXN,"1,168",3224579.34,0.0
369,43,01/07/21,ERROR,MXN,22,50041.96,0.0
370,43,01/08/21,COMPLETED,MXN,"21,243",53224090.02,813961.8
371,43,01/08/21,FAILED,MXN,"12,201",32425483.61,0.0
372,43,01/08/21,CANCELLED,MXN,709,2153829.76,0.0
373,43,01/08/21,ERROR,MXN,6,13398.63,0.0
374,44,01/07/21,COMPLETED,MXN,"19,901",1670813.2,120136.35
375,44,01/07/21,FAILED,MXN,"18,158",2357315.05,0.0
376,44,01/07/21,ERROR,MXN,30,3682.6,0.0
377,44,01/07/21,CANCELLED,MXN,1,1.0,0.0
378,44,01/08/21,COMPLETED,MXN,"23,422",1682080.75,115962.35
379,44,01/08/21,FAILED,MXN,"21,441",2693603.35,0.0
380,44,01/08/21,ERROR,MXN,9,870.95,0.0
381,44,01/08/21,CANCELLED,MXN,7,384730.64,0.0
382,45,01/07/21,COMPLETED,MXN,"27,988",9009903.0,158047.0
383,45,01/07/21,FAILED,MXN,"15,648",6229201.45,0.0
384,45,01/07/21,ERROR,MXN,54,20559.0,0.0
385,45,01/08/21,COMPLETED,MXN,"23,349",7454832.71,154645.0
386,45,01/08/21,FAILED,MXN,"13,988",6407092.35,0.0
387,45,01/08/21,ERROR,MXN,5,900.0,0.0
388,46,01/07/21,COMPLETED,MXN,"30,376",36439866.14,0.0
389,46,01/07/21,FAILED,MXN,"5,399",12541086.72,0.0
390,46,01/07/21,CANCELLED,MXN,34,33947.0,0.0
391,46,01/08/21,COMPLETED,MXN,"31,446",40685284.43,0.0
392,46,01/08/21,FAILED,MXN,"9,192",15491307.31,0.0
393,46,01/08/21,CANCELLED,MXN,6,11250.0,0.0
394,47,01/07/21,COMPLETED,MXN,"20,110",1912361.51,76198.25
395,47,01/07/21,FAILED,MXN,"16,180",1890835.6,0.0
396,47,01/07/21,ERROR,MXN,21,2331.8,0.0
397,47,01/08/21,COMPLETED,MXN,"22,512",1880882.91,69739.15
398,47,01/08/21,FAILED,MXN,"16,467",1758787.05,0.0
399,47,01/08/21,CANCELLED,MXN,17,3540015.56,0.0
400,47,01/08/21,ERROR,MXN,15,2385.0,0.0
401,48,01/07/21,FAILED,MXN,"24,360",2273847.49,0.0
402,48,01/07/21,COMPLETED,MXN,"16,791",1473249.93,12356.6
403,48,01/07/21,ERROR,MXN,40,2949.13,0.0
404,48,01/08/21,FAILED,MXN,"18,785",2096080.12,0.0
405,48,01/08/21,COMPLETED,MXN,"14,065",1417576.33,10418.71
406,48,01/08/21,ERROR,MXN,6,445.77,0.0
407,49,01/07/21,FAILED,MXN,"20,891",7666909.21,0.0
408,49,01/07/21,COMPLETED,MXN,"14,962",3107644.71,165102.48
409,49,01/07/21,ERROR,MXN,29,8724.0,0.0
410,49,01/08/21,FAILED,MXN,"20,972",8189305.51,0.0
411,49,01/08/21,COMPLETED,MXN,"15,955",3541594.24,229037.71
412,49,01/08/21,ERROR,MXN,2,1374.0,0.0
413,50,01/07/21,COMPLETED,MXN,"25,733",13808403.47,0.0
414,50,01/07/21,FAILED,MXN,"8,096",6185626.94,0.0
415,50,01/07/21,ERROR,MXN,15,6240.52,0.0
416,50,01/08/21,COMPLETED,MXN,"27,421",13381301.9,817.74
417,50,01/08/21,FAILED,MXN,"11,016",4735180.21,0.0
418,50,01/08/21,ERROR,MXN,5,6257.25,0.0
419,50,01/08/21,CANCELLED,MXN,1,10.0,0.0
428,52,01/07/21,COMPLETED,MXN,"23,966",11525192.8,0.0
429,52,01/07/21,FAILED,MXN,"8,875",4912731.0,0.0
430,52,01/07/21,CANCELLED,MXN,97,433186.0,0.0
431,52,01/07/21,IN_PROGRESS,MXN,17,58415.0,0.0
432,52,01/07/21,ERROR,MXN,12,5832.0,0.0
433,52,01/08/21,COMPLETED,MXN,"24,092",10954385.75,0.0
434,52,01/08/21,FAILED,MXN,"9,835",4638159.5,0.0
435,52,01/08/21,IN_PROGRESS,MXN,43,65546.0,0.0
436,52,01/08/21,CANCELLED,MXN,10,14501.0,0.0
437,52,01/08/21,ERROR,MXN,5,2541.0,0.0
438,53,01/07/21,COMPLETED,MXN,"20,762",123117252.64,0.0
439,53,01/07/21,FAILED,MXN,"8,079",64730718.98,0.0
440,53,01/07/21,EXPIRED,MXN,"1,578",11042775.82,0.0
441,53,01/07/21,ERROR,MXN,110,575403.59,0.0
442,53,01/08/21,COMPLETED,MXN,"23,798",124162453.3,0.0
443,53,01/08/21,FAILED,MXN,"9,521",65413575.77,0.0
444,53,01/08/21,EXPIRED,MXN,"2,036",12481750.92,0.0
445,53,01/08/21,ERROR,MXN,61,288557.72,0.0
446,54,01/07/21,FAILED,MXN,"36,649",66729490.19,0.0
447,54,01/07/21,COMPLETED,MXN,"6,704",12659492.87,501338.63
448,54,01/07/21,CANCELLED,MXN,137,216464.32,0.0
449,54,01/07/21,IN_PROGRESS,MXN,136,233162.63,0.0
450,54,01/07/21,ERROR,MXN,3,13639.45,0.0
451,54,01/08/21,FAILED,MXN,"20,427",41026220.82,0.0
452,54,01/08/21,COMPLETED,MXN,"1,229",2595461.04,318720.88
453,54,01/08/21,IN_PROGRESS,MXN,1,705.64,0.0
454,55,01/07/21,COMPLETED,MXN,"27,133",18690417.33,0.0
455,55,01/07/21,FAILED,MXN,"1,580",2741201.0,0.0
456,55,01/07/21,CANCELLED,MXN,26,19424.0,0.0
457,55,01/08/21,COMPLETED,MXN,"33,088",25035133.09,0.0
458,55,01/08/21,FAILED,MXN,"1,383",3342123.52,0.0
459,56,01/07/21,FAILED,MXN,"20,911",30521410.5,0.0
460,56,01/07/21,COMPLETED,MXN,"12,974",15147822.5,5108097.5
461,56,01/07/21,ERROR,MXN,149,167400.0,0.0
462,56,01/08/21,FAILED,MXN,"17,494",24050317.5,0.0
463,56,01/08/21,COMPLETED,MXN,"10,287",11243454.0,3168824.5
464,56,01/08/21,ERROR,MXN,88,115481.0,0.0
465,57,01/07/21,COMPLETED,MXN,"20,264",6913410.6,1825.0
466,57,01/07/21,FAILED,MXN,"5,716",2269439.0,0.0
467,57,01/07/21,ERROR,MXN,59,10800.0,0.0
468,57,01/07/21,EXPIRED,MXN,7,5225.0,0.0
469,57,01/08/21,COMPLETED,MXN,"25,903",10103142.56,5250.0
470,57,01/08/21,FAILED,MXN,"6,677",2927596.49,0.0
471,57,01/08/21,EXPIRED,MXN,29,38035.0,0.0
472,57,01/08/21,ERROR,MXN,14,48975.0,0.0
473,58,01/07/21,IN_PROGRESS,MXN,"13,753",29510032.12,0.0
474,58,01/07/21,COMPLETED,MXN,"7,240",15883491.28,0.0
475,58,01/07/21,CANCELLED,MXN,"5,342",17020529.64,0.0
476,58,01/07/21,FAILED,MXN,"1,355",1970577.97,0.0
477,58,01/08/21,IN_PROGRESS,MXN,"15,656",41722223.01,0.0
478,58,01/08/21,COMPLETED,MXN,"6,835",17799367.98,0.0
479,58,01/08/21,CANCELLED,MXN,"3,914",17025871.77,0.0
480,58,01/08/21,FAILED,MXN,"1,732",2925801.55,0.0
481,59,01/07/21,FAILED,MXN,"16,097",21559721.84,0.0
482,59,01/07/21,COMPLETED,MXN,"11,325",15409383.66,73227.54
483,59,01/07/21,ERROR,MXN,11,12756.54,0.0
484,59,01/07/21,CANCELLED,MXN,4,2849.25,0.0
485,59,01/08/21,FAILED,MXN,"16,000",22966678.17,0.0
486,59,01/08/21,COMPLETED,MXN,"12,139",16073263.55,112802.49
487,59,01/08/21,ERROR,MXN,14,24973.46,0.0
488,59,01/08/21,CANCELLED,MXN,2,595.96,0.0
489,60,01/07/21,COMPLETED,MXN,"15,451",13983992.69,68728.65
490,60,01/07/21,FAILED,MXN,"11,791",13020878.86,0.0
491,60,01/07/21,EXPIRED,MXN,"1,439",1469982.48,0.0
492,60,01/07/21,ERROR,MXN,96,91643.52,0.0
493,60,01/08/21,COMPLETED,MXN,"13,825",11526085.42,43030.96
494,60,01/08/21,FAILED,MXN,"9,985",10353844.39,0.0
495,60,01/08/21,EXPIRED,MXN,"1,536",1543352.96,0.0
496,60,01/08/21,ERROR,MXN,35,42713.57,0.0
497,61,01/07/21,COMPLETED,MXN,"20,530",29402913.48,0.0
498,61,01/07/21,IN_PROGRESS,MXN,"5,316",5030173.0,0.0
499,61,01/07/21,FAILED,MXN,"1,484",3795540.5,0.0
500,61,01/07/21,CANCELLED,MXN,10,23375.0,0.0
501,61,01/08/21,COMPLETED,MXN,"20,557",29707693.47,0.0
502,61,01/08/21,IN_PROGRESS,MXN,"3,368",3419987.0,0.0
503,61,01/08/21,CANCELLED,MXN,"1,532",1470672.0,0.0
504,61,01/08/21,FAILED,MXN,"1,149",2623676.3,0.0
505,62,01/07/21,COMPLETED,MXN,"26,151",6400039.32,0.0
506,62,01/07/21,FAILED,MXN,602,169305.16,0.0
507,62,01/07/21,ERROR,MXN,16,3628.41,0.0
508,62,01/08/21,COMPLETED,MXN,"26,641",6572341.58,0.0
509,62,01/08/21,FAILED,MXN,507,132247.92,0.0
510,62,01/08/21,ERROR,MXN,1,140.0,0.0
511,63,01/07/21,COMPLETED,MXN,"22,745",41148358.68,0.0
512,63,01/07/21,FAILED,MXN,"3,423",7819120.43,0.0
513,63,01/07/21,CANCELLED,MXN,24,48407.0,0.0
514,63,01/08/21,COMPLETED,MXN,"24,651",47084601.33,0.0
515,63,01/08/21,FAILED,MXN,"2,719",5699219.85,0.0
516,63,01/08/21,CANCELLED,MXN,2,6190.0,0.0
517,64,01/07/21,COMPLETED,MXN,"15,813",3320128.79,0.0
518,64,01/07/21,FAILED,MXN,"9,500",1862447.4,0.0
519,64,01/07/21,ERROR,MXN,24,5008.0,0.0
520,64,01/08/21,COMPLETED,MXN,"16,097",3616318.9,0.0
521,64,01/08/21,FAILED,MXN,"9,283",1959527.71,0.0
522,64,01/08/21,ERROR,MXN,12,1150.0,0.0
523,65,01/07/21,COMPLETED,MXN,"13,769",63760939.4,713932.49
524,65,01/07/21,COMPLETED,USD,299,135720.75,1670.64
525,65,01/07/21,FAILED,MXN,"11,122",66611194.4,0.0
526,65,01/07/21,FAILED,USD,143,43396.23,0.0
527,65,01/07/21,EXPIRED,MXN,652,3240263.62,0.0
528,65,01/07/21,IN_PROGRESS,MXN,140,565922.24,0.0
529,65,01/07/21,IN_PROGRESS,USD,4,143.59,0.0
530,65,01/07/21,CANCELLED,MXN,133,1469361.55,0.0
531,65,01/07/21,CANCELLED,USD,4,814.81,0.0
532,65,01/07/21,ERROR,MXN,34,160028.89,0.0
533,65,01/07/21,ERROR,USD,4,451.26,0.0
534,65,01/07/21,CHARGE_PENDING,MXN,1,499.0,0.0
535,65,01/08/21,COMPLETED,MXN,"11,361",50219346.16,459096.41
536,65,01/08/21,COMPLETED,USD,162,59009.22,0.0
537,65,01/08/21,FAILED,MXN,"10,037",52393072.54,0.0
538,65,01/08/21,FAILED,USD,118,42701.36,0.0
539,65,01/08/21,EXPIRED,MXN,636,3031298.89,0.0
540,65,01/08/21,IN_PROGRESS,MXN,123,439404.74,0.0
541,65,01/08/21,IN_PROGRESS,USD,1,194.68,0.0
542,65,01/08/21,CANCELLED,MXN,57,201565.17,0.0
543,65,01/08/21,CANCELLED,USD,1,174.07,0.0
544,65,01/08/21,ERROR,USD,19,7109.11,0.0
545,65,01/08/21,ERROR,MXN,8,54480.72,0.0
546,66,01/07/21,COMPLETED,MXN,"23,247",1841468.5,0.0
547,66,01/07/21,FAILED,MXN,484,40254.0,0.0
548,66,01/07/21,CANCELLED,MXN,19,2650.0,0.0
549,66,01/08/21,COMPLETED,MXN,"24,213",1941824.5,0.0
550,66,01/08/21,FAILED,MXN,467,43441.99,0.0
551,66,01/08/21,CANCELLED,MXN,3,280.0,0.0
552,67,01/07/21,FAILED,MXN,"15,043",6169680.59,0.0
553,67,01/07/21,COMPLETED,MXN,"8,897",2618790.33,31943.16
554,67,01/07/21,CHARGE_PENDING,MXN,155,59020.89,0.0
555,67,01/07/21,ERROR,MXN,9,4080.0,0.0
556,67,01/07/21,IN_PROGRESS,MXN,1,496.0,0.0
557,67,01/08/21,FAILED,MXN,"15,289",6548933.65,0.0
558,67,01/08/21,COMPLETED,MXN,"8,764",2696870.28,27472.34
559,67,01/08/21,CANCELLED,MXN,91,26412.68,0.0
560,67,01/08/21,CHARGE_PENDING,MXN,60,31341.13,0.0
561,67,01/08/21,ERROR,MXN,2,992.0,0.0
562,68,01/07/21,COMPLETED,MXN,"14,160",9070069.5,0.0
563,68,01/07/21,IN_PROGRESS,MXN,"10,846",7251581.0,0.0
564,68,01/07/21,FAILED,MXN,"1,091",692134.5,0.0
565,68,01/08/21,COMPLETED,MXN,"9,378",6140850.0,0.0
566,68,01/08/21,IN_PROGRESS,MXN,"7,907",5491767.86,0.0
567,68,01/08/21,FAILED,MXN,782,526911.5,0.0
568,69,01/07/21,COMPLETED,MXN,"15,642",3442991.57,0.0
569,69,01/07/21,FAILED,MXN,"11,844",7050058.44,0.0
570,69,01/07/21,CANCELLED,MXN,480,549388.45,0.0
571,69,01/07/21,ERROR,MXN,42,20152.33,0.0
572,69,01/08/21,COMPLETED,MXN,"9,433",2172294.18,0.0
573,69,01/08/21,FAILED,MXN,"6,172",4432568.86,0.0
574,69,01/08/21,CANCELLED,MXN,374,425998.73,0.0
575,69,01/08/21,ERROR,MXN,11,1978.52,0.0
576,70,01/07/21,COMPLETED,MXN,"21,078",108253589.35,0.0
577,70,01/07/21,CANCELLED,MXN,31,79862.0,0.0
578,70,01/07/21,FAILED,MXN,22,63793.0,0.0
579,70,01/08/21,COMPLETED,MXN,"22,091",115566061.63,0.0
580,70,01/08/21,FAILED,MXN,38,121060.89,0.0
581,71,01/07/21,COMPLETED,MXN,"10,717",12530116.1,585092.01
582,71,01/07/21,FAILED,MXN,"8,799",14280202.94,0.0
583,71,01/07/21,CANCELLED,MXN,208,253481.09,0.0
584,71,01/07/21,IN_PROGRESS,MXN,89,160399.35,0.0
585,71,01/07/21,EXPIRED,MXN,74,517212.88,0.0
586,71,01/07/21,ERROR,MXN,14,15244.59,0.0
587,71,01/08/21,COMPLETED,MXN,"12,212",14788951.42,578725.87
588,71,01/08/21,FAILED,MXN,"10,352",17184165.18,0.0
589,71,01/08/21,CANCELLED,MXN,180,300304.34,0.0
590,71,01/08/21,IN_PROGRESS,MXN,150,373260.29,0.0
591,71,01/08/21,EXPIRED,MXN,121,611433.71,0.0
592,71,01/08/21,ERROR,MXN,13,11482.04,0.0
593,72,01/07/21,COMPLETED,MXN,"21,309",163933200.34,0.0
594,72,01/07/21,FAILED,MXN,78,312560.0,0.0
595,72,01/07/21,CANCELLED,MXN,11,27839.0,0.0
596,72,01/08/21,COMPLETED,MXN,"20,870",161952549.77,0.0
597,72,01/08/21,FAILED,MXN,78,347076.0,0.0
598,73,01/07/21,COMPLETED,MXN,"17,651",51579476.66,0.0
599,73,01/07/21,FAILED,MXN,"4,739",14706642.29,0.0
600,73,01/07/21,ERROR,MXN,10,28654.24,0.0
601,73,01/08/21,COMPLETED,MXN,"14,149",45813303.24,0.0
602,73,01/08/21,FAILED,MXN,"3,983",13742616.12,0.0
603,73,01/08/21,ERROR,MXN,2,11346.6,0.0
604,74,01/07/21,FAILED,MXN,"16,998",1512822.0,0.0
605,74,01/07/21,COMPLETED,MXN,"2,837",252493.0,8366.0
606,74,01/07/21,ERROR,MXN,7,623.0,0.0
607,74,01/08/21,FAILED,MXN,"16,145",1436905.0,0.0
608,74,01/08/21,COMPLETED,MXN,"2,690",239410.0,8989.0
609,74,01/08/21,ERROR,MXN,6,534.0,0.0
610,75,01/07/21,COMPLETED,MXN,"13,619",2938890.51,1406.27
611,75,01/07/21,FAILED,MXN,"4,732",693770.08,0.0
612,75,01/07/21,ERROR,MXN,23,4861.8,0.0
613,75,01/07/21,CANCELLED,MXN,4,51.07,0.0
614,75,01/07/21,IN_PROGRESS,MXN,1,300.0,0.0
615,75,01/08/21,COMPLETED,MXN,"13,930",3055846.96,6214.74
616,75,01/08/21,FAILED,MXN,"5,730",963595.68,0.0
617,75,01/08/21,CANCELLED,MXN,7,78512.95,0.0
618,75,01/08/21,ERROR,MXN,2,747.84,0.0
619,76,01/07/21,COMPLETED,MXN,"8,966",9483967.71,187956.87
620,76,01/07/21,FAILED,MXN,"8,761",10352777.04,0.0
621,76,01/07/21,CANCELLED,MXN,15,15079.43,0.0
622,76,01/07/21,ERROR,MXN,12,10311.51,0.0
623,76,01/07/21,IN_PROGRESS,MXN,1,686.96,0.0
624,76,01/08/21,FAILED,MXN,"10,606",10458569.82,0.0
625,76,01/08/21,COMPLETED,MXN,"9,566",7972803.19,216301.73
626,76,01/08/21,CANCELLED,MXN,18,800255.99,0.0
627,76,01/08/21,ERROR,MXN,2,1086.97,0.0
628,77,01/07/21,COMPLETED,MXN,"7,002",1939091.7,252309.96
629,77,01/07/21,FAILED,MXN,"5,732",5345429.99,0.0
630,77,01/07/21,ERROR,MXN,7,374.9,0.0
631,77,01/08/21,COMPLETED,MXN,"12,547",3658602.1,495081.57
632,77,01/08/21,FAILED,MXN,"12,106",8702518.11,0.0
633,77,01/08/21,ERROR,MXN,8,2870.63,0.0
634,78,01/07/21,COMPLETED,MXN,"9,157",2281109.0,27676.0
635,78,01/07/21,FAILED,MXN,"6,833",1973894.0,0.0
636,78,01/07/21,ERROR,MXN,24,5012.0,0.0
637,78,01/08/21,COMPLETED,MXN,"12,102",2721783.0,26172.0
638,78,01/08/21,FAILED,MXN,"8,125",2521931.0,0.0
639,78,01/08/21,ERROR,MXN,2,678.0,0.0
640,79,01/07/21,COMPLETED,MXN,"16,878",67992774.17,0.0
641,79,01/07/21,FAILED,MXN,101,314332.0,0.0
642,79,01/07/21,CANCELLED,MXN,23,76642.0,0.0
643,79,01/08/21,COMPLETED,MXN,"17,926",72159624.78,0.0
644,79,01/08/21,FAILED,MXN,85,228316.0,0.0
645,80,01/07/21,COMPLETED,MXN,"11,708",4902542.33,45332.7
646,80,01/07/21,FAILED,MXN,"4,493",2405217.14,0.0
647,80,01/07/21,EXPIRED,MXN,"2,297",1150339.91,0.0
648,80,01/07/21,CANCELLED,MXN,12,21127.6,0.0
649,80,01/07/21,ERROR,MXN,8,2120.92,0.0
650,80,01/08/21,COMPLETED,MXN,"10,341",4362362.96,38757.42
651,80,01/08/21,FAILED,MXN,"4,603",2451737.21,0.0
652,80,01/08/21,EXPIRED,MXN,"1,432",724042.43,0.0
653,80,01/08/21,CANCELLED,MXN,65,38486.55,0.0
654,80,01/08/21,ERROR,MXN,4,960.96,0.0
655,80,01/08/21,CHARGE_PENDING,MXN,1,260.0,0.0
656,81,01/07/21,FAILED,MXN,"7,929",3354380.0,0.0
657,81,01/07/21,COMPLETED,MXN,"7,920",3289082.0,21597.0
658,81,01/07/21,EXPIRED,MXN,475,172699.0,0.0
659,81,01/07/21,IN_PROGRESS,MXN,271,119173.0,0.0
660,81,01/07/21,ERROR,MXN,56,26756.0,0.0
661,81,01/07/21,CANCELLED,MXN,5,500.0,0.0
662,81,01/08/21,FAILED,MXN,"8,259",3354718.0,0.0
663,81,01/08/21,COMPLETED,MXN,"7,484",2879523.0,4450.0
664,81,01/08/21,EXPIRED,MXN,377,158876.0,0.0
665,81,01/08/21,IN_PROGRESS,MXN,314,94322.0,0.0
666,81,01/08/21,ERROR,MXN,22,12095.0,0.0
667,81,01/08/21,CANCELLED,MXN,1,100.0,0.0
668,82,01/07/21,FAILED,MXN,"8,697",66305307.36,0.0
669,82,01/07/21,COMPLETED,MXN,"5,409",19450169.52,0.0
670,82,01/07/21,EXPIRED,MXN,"1,957",6469522.96,0.0
671,82,01/07/21,ERROR,MXN,7,7012.78,0.0
672,82,01/08/21,FAILED,MXN,"9,147",62815757.77,0.0
673,82,01/08/21,COMPLETED,MXN,"5,507",15524305.47,0.0
674,82,01/08/21,EXPIRED,MXN,"1,132",5014323.02,0.0
675,82,01/08/21,ERROR,MXN,7,24191.5,0.0
676,83,01/07/21,IN_PROGRESS,MXN,"8,081",25394553.09,0.0
677,83,01/07/21,COMPLETED,MXN,"6,333",28224690.95,0.0
678,83,01/07/21,FAILED,MXN,558,2171542.0,0.0
679,83,01/07/21,CANCELLED,MXN,2,66129.94,0.0
680,83,01/08/21,IN_PROGRESS,MXN,"8,305",26964259.56,0.0
681,83,01/08/21,COMPLETED,MXN,"6,650",28788819.11,0.0
682,83,01/08/21,CANCELLED,MXN,"1,233",3921781.7,0.0
683,83,01/08/21,FAILED,MXN,593,2299845.1,0.0
684,84,01/07/21,IN_PROGRESS,MXN,"14,421",59363140.0,0.0
685,84,01/07/21,COMPLETED,MXN,119,485045.0,0.0
686,84,01/07/21,FAILED,MXN,13,43904.8,0.0
687,84,01/08/21,IN_PROGRESS,MXN,"16,098",57827120.0,0.0
688,84,01/08/21,COMPLETED,MXN,139,490453.0,0.0
689,84,01/08/21,FAILED,MXN,21,100430.0,0.0
690,85,01/07/21,CANCELLED,MXN,"8,678",6952484.92,0.0
691,85,01/07/21,COMPLETED,MXN,"5,709",10337640.83,0.0
692,85,01/07/21,IN_PROGRESS,MXN,179,64914.83,0.0
693,85,01/08/21,CANCELLED,MXN,"9,607",7605297.49,0.0
694,85,01/08/21,COMPLETED,MXN,"5,752",10336797.42,0.0
695,85,01/08/21,IN_PROGRESS,MXN,330,99762.78,0.0
696,86,01/07/21,FAILED,MXN,"12,253",6982366.6,0.0
697,86,01/07/21,COMPLETED,MXN,"4,672",1402019.45,5622.06
698,86,01/07/21,CANCELLED,MXN,116,202651.46,0.0
699,86,01/07/21,ERROR,MXN,11,2214.66,0.0
700,86,01/08/21,FAILED,MXN,"9,913",6998213.01,0.0
701,86,01/08/21,COMPLETED,MXN,"3,151",1253021.79,1451.88
702,86,01/08/21,CANCELLED,MXN,97,149371.17,0.0
703,87,01/07/21,IN_PROGRESS,MXN,"12,263",14840736.19,0.0
704,87,01/07/21,COMPLETED,MXN,"1,502",2246647.5,0.0
705,87,01/07/21,FAILED,MXN,170,255288.8,0.0
706,87,01/08/21,IN_PROGRESS,MXN,"12,825",18695875.71,0.0
707,87,01/08/21,COMPLETED,MXN,"1,364",1980545.63,0.0
708,87,01/08/21,FAILED,MXN,178,299075.05,0.0
709,88,01/07/21,COMPLETED,MXN,"11,035",1516234.05,0.0
710,88,01/07/21,FAILED,MXN,"5,791",2955265.94,0.0
711,88,01/07/21,CANCELLED,MXN,608,486881.4,0.0
712,88,01/07/21,ERROR,MXN,24,2563.29,0.0
713,88,01/08/21,COMPLETED,MXN,"6,935",973304.08,0.0
714,88,01/08/21,FAILED,MXN,"3,432",1746622.94,0.0
715,88,01/08/21,CANCELLED,MXN,381,223536.33,0.0
716,88,01/08/21,ERROR,MXN,6,467.32,0.0
717,89,01/07/21,COMPLETED,MXN,"8,000",3478951.5,3443.0
718,89,01/07/21,FAILED,MXN,"5,291",1568871.0,0.0
719,89,01/07/21,IN_PROGRESS,MXN,257,350941.0,0.0
720,89,01/07/21,CANCELLED,MXN,96,127435.5,0.0
721,89,01/07/21,ERROR,MXN,4,7789.0,0.0
722,89,01/08/21,COMPLETED,MXN,"8,149",3833640.0,7428.0
723,89,01/08/21,FAILED,MXN,"5,751",2021139.0,0.0
724,89,01/08/21,IN_PROGRESS,MXN,374,479772.0,0.0
725,89,01/08/21,CANCELLED,MXN,108,157066.0,0.0
726,89,01/08/21,EXPIRED,MXN,13,23150.0,0.0
727,89,01/08/21,ERROR,MXN,2,178.0,0.0
728,90,01/07/21,COMPLETED,MXN,"10,231",16698476.0,17290.0
729,90,01/07/21,FAILED,MXN,"2,563",5838407.6,0.0
730,90,01/07/21,IN_PROGRESS,MXN,"1,009",1507260.0,0.0
731,90,01/07/21,CANCELLED,MXN,80,147770.0,0.0
732,90,01/07/21,ERROR,MXN,9,11740.0,0.0
733,90,01/08/21,COMPLETED,MXN,"9,874",18355945.0,1171940.0
734,90,01/08/21,FAILED,MXN,"2,706",12654766.7,0.0
735,90,01/08/21,IN_PROGRESS,MXN,"1,069",1684270.0,0.0
736,90,01/08/21,CANCELLED,MXN,57,90760.0,0.0
737,91,01/07/21,COMPLETED,MXN,"10,421",1421815.0,0.0
738,91,01/07/21,FAILED,MXN,"3,073",475211.1,0.0
739,91,01/07/21,CANCELLED,MXN,10,1422.0,0.0
740,91,01/08/21,COMPLETED,MXN,"10,718",1469891.0,0.0
741,91,01/08/21,FAILED,MXN,"2,772",427628.9,0.0
742,91,01/08/21,CANCELLED,MXN,1,89.0,0.0
743,92,01/07/21,FAILED,MXN,"23,889",22270701.04,0.0
744,92,01/07/21,COMPLETED,MXN,435,335908.17,97738.16
745,92,01/07/21,CANCELLED,MXN,83,45493.31,0.0
746,92,01/07/21,ERROR,MXN,3,3061.75,0.0
747,92,01/08/21,FAILED,MXN,"1,928",1698990.83,0.0
748,92,01/08/21,COMPLETED,MXN,243,190967.69,26427.25
749,92,01/08/21,CANCELLED,MXN,75,41322.3,0.0
750,93,01/07/21,FAILED,MXN,"10,087",24826586.99,0.0
751,93,01/07/21,COMPLETED,MXN,"4,484",10827157.94,262169.25
752,93,01/07/21,CANCELLED,MXN,328,838297.13,0.0
753,93,01/07/21,ERROR,MXN,8,26631.18,0.0
754,93,01/08/21,FAILED,MXN,"8,163",21066347.45,0.0
755,93,01/08/21,COMPLETED,MXN,"3,226",8419207.01,276983.13
756,93,01/08/21,CANCELLED,MXN,215,601477.49,0.0
757,94,01/07/21,FAILED,MXN,"6,450",6368558.48,0.0
758,94,01/07/21,COMPLETED,MXN,"6,030",4729586.14,131427.39
759,94,01/07/21,ERROR,MXN,5,4175.15,0.0
760,94,01/07/21,CANCELLED,MXN,2,664.65,0.0
761,94,01/08/21,FAILED,MXN,"7,027",6659854.01,0.0
762,94,01/08/21,COMPLETED,MXN,"6,666",5528022.07,137133.03
763,94,01/08/21,CANCELLED,MXN,4,7563.45,0.0
764,95,01/07/21,COMPLETED,MXN,"5,232",1595848.15,4379.0
765,95,01/07/21,CANCELLED,MXN,"5,014",2169685.0,0.0
766,95,01/07/21,FAILED,MXN,"1,484",466776.08,0.0
767,95,01/07/21,IN_PROGRESS,MXN,384,603416.0,0.0
768,95,01/07/21,ERROR,MXN,9,3191.0,0.0
769,95,01/08/21,COMPLETED,MXN,"5,298",1654148.01,5928.0
770,95,01/08/21,CANCELLED,MXN,"4,998",2598956.44,0.0
771,95,01/08/21,FAILED,MXN,"1,987",598666.0,0.0
772,95,01/08/21,IN_PROGRESS,MXN,575,782872.0,0.0
773,96,01/07/21,COMPLETED,MXN,"7,969",25293193.74,0.0
774,96,01/07/21,CANCELLED,MXN,"5,104",16587376.21,0.0
775,96,01/07/21,IN_PROGRESS,MXN,8,1082.2,0.0
776,96,01/08/21,COMPLETED,MXN,"6,352",29307106.4,0.0
777,96,01/08/21,CANCELLED,MXN,"4,727",26488636.55,0.0
778,96,01/08/21,IN_PROGRESS,MXN,42,154068.72,0.0
779,97,01/07/21,FAILED,MXN,"9,415",87576539.0,0.0
780,97,01/07/21,COMPLETED,MXN,"5,839",49275538.7,1838.0
781,97,01/07/21,EXPIRED,MXN,"1,298",6639880.4,0.0
782,97,01/07/21,ERROR,MXN,52,316856.0,0.0
783,97,01/08/21,FAILED,MXN,"2,895",4357862.0,0.0
784,97,01/08/21,COMPLETED,MXN,"2,762",3661243.0,0.0
785,97,01/08/21,EXPIRED,MXN,931,1199086.0,0.0
786,97,01/08/21,ERROR,MXN,3,2693.0,0.0
787,98,01/07/21,FAILED,MXN,"5,956",6925770.71,0.0
788,98,01/07/21,COMPLETED,MXN,"4,773",3577202.55,37918.0
789,98,01/07/21,CANCELLED,MXN,353,493773.0,0.0
790,98,01/07/21,EXPIRED,MXN,283,283389.74,0.0
791,98,01/07/21,ERROR,MXN,137,106753.79,0.0
792,98,01/07/21,IN_PROGRESS,MXN,26,40773.0,0.0
793,98,01/08/21,FAILED,MXN,"5,953",4965666.99,0.0
794,98,01/08/21,COMPLETED,MXN,"4,882",3135686.48,4322.0
795,98,01/08/21,EXPIRED,MXN,302,205864.0,0.0
796,98,01/08/21,CANCELLED,MXN,222,399467.0,0.0
797,98,01/08/21,ERROR,MXN,27,16375.0,0.0
798,98,01/08/21,IN_PROGRESS,MXN,27,23690.0,0.0
799,99,01/07/21,COMPLETED,MXN,"9,217",24365672.93,0.0
800,99,01/07/21,FAILED,MXN,"2,070",7962810.4,0.0
801,99,01/07/21,CANCELLED,MXN,6,10638.0,0.0
802,99,01/08/21,COMPLETED,MXN,"9,285",24582232.54,0.0
803,99,01/08/21,FAILED,MXN,"1,905",11529007.92,0.0
804,100,01/07/21,FAILED,MXN,"6,800",5123429.03,0.0
805,100,01/07/21,CANCELLED,MXN,"5,535",6857684.84,540740.0
806,100,01/07/21,CANCELLED,MXN,5,5450.0,0.0
807,100,01/07/21,ERROR,MXN,5,5050.0,0.0
808,100,01/08/21,FAILED,MXN,"5,137",4145929.82,0.0
809,100,01/08/21,ERROR,MXN,"4,592",6007893.1,12183.0
810,100,01/08/21,ERROR,MXN,9,16140.0,0.0
811,101,01/07/21,COMPLETED,MXN,"10,624",31660327.47,0.0
812,101,01/07/21,FAILED,MXN,83,195252.0,0.0
813,101,01/07/21,CANCELLED,MXN,12,15970.0,0.0
814,101,01/08/21,COMPLETED,MXN,"10,867",32391231.98,0.0
815,101,01/08/21,FAILED,MXN,94,174227.0,0.0
816,102,01/07/21,COMPLETED,MXN,"5,347",39878784.44,0.0
817,102,01/07/21,EXPIRED,MXN,"4,583",80490652.89,0.0
818,102,01/07/21,FAILED,MXN,"3,258",50005347.3,0.0
819,102,01/07/21,IN_PROGRESS,MXN,232,1280908.72,0.0
820,102,01/07/21,ERROR,MXN,21,141928.26,0.0
821,102,01/08/21,COMPLETED,MXN,"3,663",17823499.1,0.0
822,102,01/08/21,EXPIRED,MXN,"2,466",33638370.07,0.0
823,102,01/08/21,FAILED,MXN,"1,852",21560499.5,0.0
824,102,01/08/21,IN_PROGRESS,MXN,178,1015013.87,0.0
825,102,01/08/21,ERROR,MXN,5,27338.22,0.0
826,103,01/07/21,COMPLETED,MXN,"6,951",34596322.84,17354.85
827,103,01/07/21,FAILED,MXN,"2,457",23441152.67,0.0
828,103,01/07/21,CANCELLED,MXN,596,3704804.04,0.0
829,103,01/07/21,IN_PROGRESS,MXN,218,1697155.0,0.0
830,103,01/07/21,EXPIRED,MXN,112,992095.92,0.0
831,103,01/07/21,ERROR,MXN,18,59453.0,0.0
832,103,01/07/21,CHARGE_PENDING,MXN,2,20729.73,0.0
833,103,01/08/21,COMPLETED,MXN,"7,240",37311293.74,2626.76
834,103,01/08/21,FAILED,MXN,"2,344",20814242.28,0.0
835,103,01/08/21,CANCELLED,MXN,548,3785739.9,0.0
836,103,01/08/21,IN_PROGRESS,MXN,297,1897550.68,0.0
837,103,01/08/21,EXPIRED,MXN,94,1202226.95,0.0
838,103,01/08/21,ERROR,MXN,8,57947.0,0.0
839,104,01/07/21,FAILED,MXN,"5,396",10837817.56,0.0
840,104,01/07/21,COMPLETED,MXN,"5,213",8833584.38,481040.0
841,104,01/07/21,ERROR,MXN,9,15271.5,0.0
842,104,01/08/21,FAILED,MXN,"5,527",10512964.5,0.0
843,104,01/08/21,COMPLETED,MXN,"4,690",7399167.58,406773.5
844,104,01/08/21,ERROR,MXN,8,11868.0,0.0
845,105,01/07/21,COMPLETED,MXN,"8,186",855523.1,603.0
846,105,01/07/21,FAILED,MXN,"1,280",116292.96,0.0
847,105,01/07/21,IN_PROGRESS,MXN,256,39855.0,0.0
848,105,01/07/21,CANCELLED,MXN,126,21990.0,0.0
849,105,01/07/21,ERROR,MXN,19,2750.0,0.0
850,105,01/08/21,COMPLETED,MXN,"8,732",932226.63,150.0
851,105,01/08/21,FAILED,MXN,"1,530",174204.0,0.0
852,105,01/08/21,IN_PROGRESS,MXN,315,42010.0,0.0
853,105,01/08/21,CANCELLED,MXN,86,13866.0,0.0
854,105,01/08/21,ERROR,MXN,4,250.0,0.0
855,106,01/07/21,COMPLETED,MXN,"10,222",65437972.44,0.0
856,106,01/07/21,FAILED,MXN,32,121771.13,0.0
857,106,01/07/21,CANCELLED,MXN,8,18773.0,0.0
858,106,01/08/21,COMPLETED,MXN,"10,258",68426910.46,0.0
859,106,01/08/21,FAILED,MXN,13,50991.62,0.0
860,107,01/07/21,COMPLETED,MXN,"5,998",2160265.66,0.0
861,107,01/07/21,FAILED,MXN,"1,468",527870.64,0.0
862,107,01/07/21,IN_PROGRESS,MXN,"1,087",390045.72,0.0
863,107,01/07/21,CANCELLED,MXN,574,202556.72,0.0
864,107,01/08/21,COMPLETED,MXN,"7,898",2849162.17,0.0
865,107,01/08/21,FAILED,MXN,"1,100",388602.16,0.0
866,107,01/08/21,CANCELLED,MXN,"1,093",388006.64,0.0
867,107,01/08/21,IN_PROGRESS,MXN,815,307707.34,0.0
868,108,01/07/21,COMPLETED,MXN,"5,069",729911.83,13631.0
869,108,01/07/21,FAILED,MXN,"3,041",547504.43,0.0
870,108,01/07/21,ERROR,MXN,16,4804.0,0.0
871,108,01/07/21,CANCELLED,MXN,12,9803.0,0.0
872,108,01/08/21,COMPLETED,MXN,"6,948",833545.15,8845.0
873,108,01/08/21,FAILED,MXN,"4,192",632881.85,0.0
874,108,01/08/21,CANCELLED,MXN,26,23886.06,0.0
875,108,01/08/21,ERROR,MXN,13,3868.1,0.0
876,109,01/07/21,IN_PROGRESS,MXN,"8,624",9098813.2,0.0
877,109,01/07/21,COMPLETED,MXN,929,1154767.5,0.0
878,109,01/07/21,FAILED,MXN,84,95213.5,0.0
879,109,01/08/21,IN_PROGRESS,MXN,"8,654",11316170.84,0.0
880,109,01/08/21,COMPLETED,MXN,855,1031533.5,0.0
881,109,01/08/21,FAILED,MXN,84,90863.2,0.0
882,110,01/07/21,COMPLETED,MXN,"7,369",3431501.03,8720.0
883,110,01/07/21,FAILED,MXN,"1,823",931172.28,0.0
884,110,01/07/21,EXPIRED,MXN,308,144131.99,0.0
885,110,01/07/21,IN_PROGRESS,MXN,59,74245.0,0.0
886,110,01/07/21,ERROR,MXN,39,8508.12,0.0
887,110,01/07/21,CANCELLED,MXN,5,1610066.12,0.0
888,110,01/08/21,COMPLETED,MXN,"7,389",4035182.07,0.0
889,110,01/08/21,FAILED,MXN,"1,749",953196.73,0.0
890,110,01/08/21,EXPIRED,MXN,259,102766.14,0.0
891,110,01/08/21,IN_PROGRESS,MXN,38,12106.0,0.0
892,110,01/08/21,ERROR,MXN,12,3010.62,0.0
893,111,01/07/21,COMPLETED,MXN,"7,705",1041880.06,800.0
894,111,01/07/21,FAILED,MXN,"1,866",263038.62,0.0
895,111,01/07/21,IN_PROGRESS,MXN,872,109177.0,0.0
896,111,01/07/21,ERROR,MXN,11,1300.0,0.0
897,111,01/08/21,COMPLETED,MXN,"6,427",898957.81,650.0
898,111,01/08/21,FAILED,MXN,"1,446",212599.06,0.0
899,111,01/08/21,IN_PROGRESS,MXN,717,96796.0,0.0
900,111,01/08/21,ERROR,MXN,3,800.0,0.0
901,112,01/07/21,COMPLETED,MXN,"3,846",516090.5,12996.0
902,112,01/07/21,FAILED,MXN,"3,052",607717.0,0.0
903,112,01/07/21,CHARGE_PENDING,MXN,"1,373",186815.0,0.0
904,112,01/07/21,IN_PROGRESS,MXN,347,52685.0,0.0
905,112,01/07/21,EXPIRED,MXN,128,15696.0,0.0
906,112,01/07/21,ERROR,MXN,3,499.0,0.0
907,112,01/08/21,COMPLETED,MXN,"4,067",567971.65,17642.0
908,112,01/08/21,FAILED,MXN,"3,942",596719.85,0.0
909,112,01/08/21,CHARGE_PENDING,MXN,"1,826",224017.55,0.0
910,112,01/08/21,IN_PROGRESS,MXN,287,51648.0,0.0
911,112,01/08/21,EXPIRED,MXN,103,9174.0,0.0
912,112,01/08/21,ERROR,MXN,4,180.0,0.0
913,113,01/07/21,FAILED,MXN,"5,512",12889785.85,213067.24
914,113,01/07/21,FAILED,MXN,"3,497",12841244.64,0.0
915,113,01/07/21,ERROR,MXN,6,35694.37,0.0
916,113,01/07/21,CANCELLED,MXN,2,16990.0,0.0
917,113,01/08/21,IN_PROGRESS,MXN,"5,492",11775133.72,321020.54
918,113,01/08/21,IN_PROGRESS,MXN,"4,023",12830123.84,0.0
919,113,01/08/21,ERROR,MXN,7,18212.72,0.0
920,113,01/08/21,CANCELLED,MXN,1,1320.0,0.0
927,115,01/07/21,FAILED,MXN,"5,242",195392.56,0.0
928,115,01/07/21,COMPLETED,MXN,"1,531",202850.81,3089.0
929,115,01/07/21,CANCELLED,MXN,"1,102",22859.0,0.0
930,115,01/07/21,ERROR,MXN,3,248.67,0.0
931,115,01/08/21,FAILED,MXN,"7,216",274588.39,0.0
932,115,01/08/21,COMPLETED,MXN,"1,750",200479.74,4311.99
933,115,01/08/21,CANCELLED,MXN,"1,362",28447.41,0.0
934,115,01/08/21,ERROR,MXN,2,41.44,0.0
935,116,01/07/21,FAILED,MXN,"4,336",3095760.4,0.0
936,116,01/07/21,COMPLETED,MXN,"3,382",1081296.9,4830.0
937,116,01/07/21,CANCELLED,MXN,178,66212.8,0.0
938,116,01/07/21,IN_PROGRESS,MXN,47,12100.0,0.0
939,116,01/07/21,ERROR,MXN,4,2201.0,0.0
940,116,01/08/21,FAILED,MXN,"5,006",3299006.6,0.0
941,116,01/08/21,COMPLETED,MXN,"4,764",1421160.1,7878.0
942,116,01/08/21,CANCELLED,MXN,96,26079.8,0.0
943,116,01/08/21,ERROR,MXN,1,257.0,0.0
944,117,01/07/21,COMPLETED,MXN,"5,042",3978943.0,0.0
945,117,01/07/21,FAILED,MXN,"4,008",3211848.77,0.0
946,117,01/07/21,EXPIRED,MXN,959,784525.0,0.0
947,117,01/07/21,IN_PROGRESS,MXN,455,329700.0,0.0
948,117,01/07/21,ERROR,MXN,119,73547.0,0.0
949,117,01/08/21,COMPLETED,MXN,"3,562",2671964.0,0.0
950,117,01/08/21,FAILED,MXN,"2,592",1846001.0,0.0
951,117,01/08/21,EXPIRED,MXN,556,433116.0,0.0
952,117,01/08/21,IN_PROGRESS,MXN,404,264250.0,0.0
953,117,01/08/21,ERROR,MXN,9,7250.0,0.0
954,117,01/08/21,CANCELLED,MXN,2,487129.86,0.0
955,118,01/07/21,FAILED,MXN,"5,632",2924605.73,0.0
956,118,01/07/21,COMPLETED,MXN,"3,582",1969815.72,10578.94
957,118,01/08/21,FAILED,MXN,"5,310",2794596.4,0.0
958,118,01/08/21,COMPLETED,MXN,"3,007",1663170.58,8537.09
959,118,01/08/21,ERROR,MXN,10,6319.22,0.0
960,118,01/08/21,CANCELLED,MXN,1,58941.36,0.0
961,119,01/07/21,COMPLETED,MXN,"4,558",2133147.0,23749.0
962,119,01/07/21,FAILED,MXN,"3,049",1544452.0,0.0
963,119,01/07/21,IN_PROGRESS,MXN,16,10468.0,0.0
964,119,01/07/21,ERROR,MXN,2,871.0,0.0
965,119,01/08/21,COMPLETED,MXN,"5,634",2568050.0,36379.0
966,119,01/08/21,FAILED,MXN,"3,841",1805183.0,0.0
967,119,01/08/21,IN_PROGRESS,MXN,11,5325.0,0.0
968,119,01/08/21,CANCELLED,MXN,3,616230.98,0.0
969,119,01/08/21,ERROR,MXN,3,1128.0,0.0
970,120,01/07/21,COMPLETED,MXN,"6,213",1495738.1,30936.0
971,120,01/07/21,FAILED,MXN,"2,757",857754.05,0.0
972,120,01/07/21,ERROR,MXN,2,696.0,0.0
973,120,01/08/21,COMPLETED,MXN,"5,671",1357016.0,19549.0
974,120,01/08/21,FAILED,MXN,"2,450",716796.0,0.0
975,120,01/08/21,ERROR,MXN,1,148.0,0.0
976,121,01/07/21,COMPLETED,MXN,"3,517",353262.0,3169.0
977,121,01/07/21,IN_PROGRESS,MXN,"2,469",250856.0,0.0
978,121,01/07/21,FAILED,MXN,"1,375",156161.62,0.0
979,121,01/07/21,CANCELLED,MXN,267,37541.0,0.0
980,121,01/07/21,ERROR,MXN,2,100.0,0.0
981,121,01/08/21,COMPLETED,MXN,"4,898",500782.0,4575.0
982,121,01/08/21,IN_PROGRESS,MXN,"2,435",240573.0,0.0
983,121,01/08/21,FAILED,MXN,"1,718",192897.0,0.0
984,121,01/08/21,CANCELLED,MXN,263,30044.0,0.0
985,122,01/07/21,FAILED,MXN,"6,051",47247493.52,0.0
986,122,01/07/21,COMPLETED,MXN,"1,049",6505338.91,86117.38
987,122,01/07/21,CANCELLED,MXN,105,883000.97,0.0
988,122,01/07/21,ERROR,MXN,6,35396.76,0.0
989,122,01/08/21,COMPLETED,MXN,"4,785",22246097.22,326393.42
990,122,01/08/21,FAILED,MXN,"4,680",31770574.64,0.0
991,122,01/08/21,CANCELLED,MXN,265,1574933.46,0.0
992,122,01/08/21,ERROR,MXN,2,4911.99,0.0
993,123,01/07/21,COMPLETED,MXN,"4,501",1522258.29,3110.0
994,123,01/07/21,FAILED,MXN,"2,558",892068.89,0.0
995,123,01/07/21,ERROR,MXN,18,6355.8,0.0
996,123,01/08/21,COMPLETED,MXN,"5,148",1656172.09,2364.6
997,123,01/08/21,FAILED,MXN,"4,212",1503116.89,0.0
998,123,01/08/21,ERROR,MXN,1,497.4,0.0
999,124,01/07/21,FAILED,MXN,"3,766",540813.18,0.0
1000,124,01/07/21,COMPLETED,MXN,"1,499",205593.09,4645.81
1001,124,01/07/21,CANCELLED,MXN,376,37224.0,0.0
1002,124,01/07/21,ERROR,MXN,6,620.0,0.0
1003,124,01/08/21,FAILED,MXN,"6,678",795158.89,0.0
1004,124,01/08/21,COMPLETED,MXN,"2,817",386715.16,8814.99
1005,124,01/08/21,CANCELLED,MXN,"1,073",106227.0,0.0
1006,124,01/08/21,ERROR,MXN,6,646.0,0.0
1007,125,01/07/21,COMPLETED,MXN,"5,676",1354433.01,0.0
1008,125,01/07/21,FAILED,MXN,"1,302",547757.0,0.0
1009,125,01/07/21,CANCELLED,MXN,"1,034",132445.0,0.0
1010,125,01/07/21,ERROR,MXN,3,350.0,0.0
1011,125,01/08/21,COMPLETED,MXN,"6,006",1547965.99,100.0
1012,125,01/08/21,FAILED,MXN,"1,170",552810.0,0.0
1013,125,01/08/21,CANCELLED,MXN,830,107037.0,0.0
1014,125,01/08/21,ERROR,MXN,1,300.0,0.0
1015,126,01/07/21,IN_PROGRESS,MXN,"8,245",13493478.0,0.0
1016,126,01/07/21,COMPLETED,MXN,368,584225.0,0.0
1017,126,01/07/21,FAILED,MXN,34,31773.0,0.0
1018,126,01/08/21,IN_PROGRESS,MXN,"6,949",10747550.0,0.0
1019,126,01/08/21,COMPLETED,MXN,321,541295.0,0.0
1020,126,01/08/21,FAILED,MXN,19,29373.0,0.0
1021,127,01/07/21,COMPLETED,MXN,"5,403",1347469.0,97993.0
1022,127,01/07/21,FAILED,MXN,"2,999",995504.0,0.0
1023,127,01/07/21,ERROR,MXN,3,718.0,0.0
1024,127,01/08/21,COMPLETED,MXN,"4,663",1119132.0,53520.0
1025,127,01/08/21,FAILED,MXN,"2,616",785879.0,0.0
1026,127,01/08/21,CANCELLED,MXN,1,17832.59,0.0
1027,128,01/07/21,IN_PROGRESS,MXN,"5,167",37601412.76,0.0
1028,128,01/07/21,COMPLETED,MXN,"1,529",7192025.5,0.0
1029,128,01/07/21,FAILED,MXN,510,2456988.8,0.0
1030,128,01/08/21,IN_PROGRESS,MXN,"5,555",27121598.05,0.0
1031,128,01/08/21,COMPLETED,MXN,"1,696",5847335.65,0.0
1032,128,01/08/21,FAILED,MXN,601,1997105.64,0.0
1033,129,01/07/21,COMPLETED,MXN,"2,991",5849931.82,96938.81
1034,129,01/07/21,FAILED,MXN,"2,895",5183323.42,0.0
1035,129,01/07/21,CANCELLED,MXN,6,10319.03,0.0
1036,129,01/07/21,ERROR,MXN,1,2572.44,0.0
1037,129,01/08/21,COMPLETED,MXN,"4,745",8565397.12,134047.42
1038,129,01/08/21,FAILED,MXN,"4,043",6712122.48,0.0
1039,129,01/08/21,CANCELLED,MXN,7,19810.1,0.0
1040,130,01/07/21,COMPLETED,MXN,"5,375",4831560.86,0.0
1041,130,01/07/21,IN_PROGRESS,MXN,"2,016",2109923.39,0.0
1042,130,01/07/21,FAILED,MXN,62,78431.74,0.0
1043,130,01/08/21,COMPLETED,MXN,"5,313",4252806.87,0.0
1044,130,01/08/21,IN_PROGRESS,MXN,"1,873",1596557.26,0.0
1045,130,01/08/21,FAILED,MXN,44,23136.0,0.0
1046,131,01/07/21,COMPLETED,MXN,"3,846",1364160.19,13965.0
1047,131,01/07/21,FAILED,MXN,"2,887",2773829.64,0.0
1048,131,01/07/21,IN_PROGRESS,MXN,8,2283.37,0.0
1049,131,01/07/21,CANCELLED,MXN,2,455.0,0.0
1050,131,01/08/21,COMPLETED,MXN,"4,314",1272434.66,19822.0
1051,131,01/08/21,FAILED,MXN,"3,619",2932365.79,0.0
1052,131,01/08/21,CANCELLED,MXN,1,234329.31,0.0
1053,132,01/07/21,COMPLETED,MXN,526,4040835.86,0.0
1054,132,01/07/21,FAILED,MXN,432,3616045.16,0.0
1055,132,01/07/21,EXPIRED,MXN,41,332448.36,0.0
1056,132,01/07/21,ERROR,MXN,3,21872.4,0.0
1057,132,01/08/21,COMPLETED,MXN,"9,157",62975600.02,46917.2
1058,132,01/08/21,FAILED,MXN,"3,979",31225898.82,0.0
1059,132,01/08/21,EXPIRED,MXN,238,1824832.9,0.0
1060,132,01/08/21,ERROR,MXN,12,126965.5,0.0
1061,132,01/08/21,CANCELLED,MXN,2,200000.0,0.0
1062,133,01/07/21,COMPLETED,MXN,"6,963",13404351.32,0.0
1063,133,01/07/21,FAILED,MXN,310,708028.68,0.0
1064,133,01/07/21,CANCELLED,MXN,8,16055.0,0.0
1065,133,01/08/21,COMPLETED,MXN,"7,034",13948555.73,0.0
1066,133,01/08/21,FAILED,MXN,43,284615.0,0.0
1067,133,01/08/21,CANCELLED,MXN,1,600.0,0.0
1068,134,01/07/21,IN_PROGRESS,MXN,"5,003",1207287.64,1600.0
1069,134,01/07/21,FAILED,MXN,"1,491",455205.11,0.0
1070,134,01/07/21,IN_PROGRESS,MXN,148,23410.0,0.0
1071,134,01/07/21,ERROR,MXN,7,855.0,0.0
1072,134,01/07/21,CANCELLED,MXN,2,21000.0,0.0
1073,134,01/08/21,EXPIRED,MXN,"5,706",1156410.55,1643.0
1074,134,01/08/21,FAILED,MXN,"1,748",373466.95,0.0
1075,134,01/08/21,IN_PROGRESS,MXN,191,34174.33,0.0
1076,134,01/08/21,CANCELLED,MXN,5,23089.0,0.0
1077,134,01/08/21,EXPIRED,MXN,1,1900.0,0.0
1078,135,01/07/21,FAILED,MXN,"4,708",17387115.46,0.0
1079,135,01/07/21,COMPLETED,MXN,"2,093",4793473.15,297176.11
1080,135,01/07/21,CANCELLED,MXN,117,8896.71,0.0
1081,135,01/07/21,ERROR,MXN,1,358.62,0.0
1082,135,01/08/21,FAILED,MXN,"4,407",18024153.72,0.0
1083,135,01/08/21,COMPLETED,MXN,"2,175",5173628.44,151069.65
1084,135,01/08/21,CANCELLED,MXN,85,7237.9,0.0
1085,135,01/08/21,ERROR,MXN,1,3785.5,0.0
1086,136,01/07/21,COMPLETED,MXN,"1,704",1180415.25,5779.5
1087,136,01/07/21,FAILED,MXN,773,938264.41,0.0
1088,136,01/07/21,IN_PROGRESS,MXN,108,68755.92,0.0
1089,136,01/07/21,CANCELLED,MXN,61,69657.28,0.0
1090,136,01/07/21,EXPIRED,MXN,29,32067.83,0.0
1091,136,01/07/21,ERROR,MXN,2,969.0,0.0
1092,136,01/08/21,COMPLETED,MXN,"6,698",6017925.07,5938.8
1093,136,01/08/21,FAILED,MXN,"3,224",3528787.02,0.0
1094,136,01/08/21,IN_PROGRESS,MXN,375,298859.51,0.0
1095,136,01/08/21,CANCELLED,MXN,140,529926.72,0.0
1096,136,01/08/21,EXPIRED,MXN,125,140967.98,0.0
1097,136,01/08/21,ERROR,MXN,2,1944.25,0.0
1098,137,01/07/21,COMPLETED,MXN,"6,670",3582296.71,0.0
1099,137,01/07/21,FAILED,MXN,46,21556.0,0.0
1100,137,01/07/21,CANCELLED,MXN,14,14642.0,0.0
1101,137,01/08/21,COMPLETED,MXN,"6,415",3442346.39,0.0
1102,137,01/08/21,FAILED,MXN,60,31770.0,0.0
1103,138,01/07/21,FAILED,MXN,"3,834",2376757.61,0.0
1104,138,01/07/21,COMPLETED,MXN,"2,872",1662376.09,29116.73
1105,138,01/07/21,CANCELLED,MXN,6,12086.3,0.0
1106,138,01/08/21,FAILED,MXN,"3,280",2414867.5,0.0
1107,138,01/08/21,COMPLETED,MXN,"3,006",1826033.25,12836.37
1108,138,01/08/21,CANCELLED,MXN,10,1306.47,0.0
1109,138,01/08/21,ERROR,MXN,6,7750.21,0.0
1110,139,01/07/21,COMPLETED,MXN,"4,791",833163.32,1530.0
1111,139,01/07/21,FAILED,MXN,"1,809",374420.77,0.0
1112,139,01/07/21,ERROR,MXN,6,703.5,0.0
1113,139,01/08/21,COMPLETED,MXN,"4,870",866831.32,4009.0
1114,139,01/08/21,FAILED,MXN,"1,514",378826.01,0.0
1115,139,01/08/21,ERROR,MXN,2,235.0,0.0
1116,140,01/07/21,COMPLETED,MXN,"5,024",665346.0,0.0
1117,140,01/07/21,FAILED,MXN,499,59269.0,0.0
1118,140,01/07/21,CANCELLED,MXN,2,200.0,0.0
1119,140,01/08/21,COMPLETED,MXN,"6,872",901772.0,0.0
1120,140,01/08/21,FAILED,MXN,501,70590.0,0.0
1121,141,01/07/21,FAILED,MXN,"3,426",521665.0,0.0
1122,141,01/07/21,COMPLETED,MXN,"1,068",88168.0,3423.0
1123,141,01/07/21,CANCELLED,MXN,22,66.0,0.0
1124,141,01/07/21,ERROR,MXN,8,716.0,0.0
1125,141,01/08/21,FAILED,MXN,"6,653",477278.0,0.0
1126,141,01/08/21,COMPLETED,MXN,917,80595.0,2509.0
1127,141,01/08/21,CANCELLED,MXN,453,1359.0,0.0
1128,142,01/07/21,FAILED,MXN,"3,478",4928182.0,0.0
1129,142,01/07/21,COMPLETED,MXN,"1,734",1925527.5,492581.5
1130,142,01/07/21,ERROR,MXN,11,12130.5,0.0
1131,142,01/08/21,FAILED,MXN,"4,885",6800274.5,0.0
1132,142,01/08/21,COMPLETED,MXN,"2,033",2507005.5,723048.5
1133,142,01/08/21,ERROR,MXN,1,1204.0,0.0
1134,143,01/07/21,COMPLETED,MXN,"4,226",1061071.2,17101.0
1135,143,01/07/21,FAILED,MXN,"1,825",590139.6,0.0
1136,143,01/07/21,ERROR,MXN,1,162.0,0.0
1137,143,01/08/21,COMPLETED,MXN,"3,643",891186.6,12865.0
1138,143,01/08/21,FAILED,MXN,"1,946",578022.5,0.0
1139,144,01/07/21,COMPLETED,MXN,"3,872",4111724.18,3082.36
1140,144,01/07/21,FAILED,MXN,860,720309.97,0.0
1141,144,01/07/21,IN_PROGRESS,MXN,669,814836.91,0.0
1142,144,01/07/21,CANCELLED,MXN,277,407034.37,0.0
1143,144,01/07/21,EXPIRED,MXN,7,3702.24,0.0
1144,144,01/07/21,ERROR,MXN,3,2102.39,0.0
1145,144,01/08/21,COMPLETED,MXN,"3,991",4140710.37,1116.97
1146,144,01/08/21,FAILED,MXN,841,775785.17,0.0
1147,144,01/08/21,IN_PROGRESS,MXN,798,1138432.08,0.0
1148,144,01/08/21,CANCELLED,MXN,277,345139.29,0.0
1149,144,01/08/21,EXPIRED,MXN,3,4629.56,0.0
1150,144,01/08/21,ERROR,MXN,1,281.51,0.0
1167,146,01/07/21,IN_PROGRESS,MXN,"3,114",4646730.0,0.0
1168,146,01/07/21,COMPLETED,MXN,"1,920",3500907.0,0.0
1169,146,01/07/21,FAILED,MXN,215,391891.0,0.0
1170,146,01/08/21,IN_PROGRESS,MXN,"3,622",6124047.0,0.0
1171,146,01/08/21,COMPLETED,MXN,"2,247",4626792.0,0.0
1172,146,01/08/21,FAILED,MXN,334,592605.12,0.0
1173,147,01/07/21,CANCELLED,MXN,"3,901",2021488.08,0.0
1174,147,01/07/21,COMPLETED,MXN,"1,329",785612.0,0.0
1175,147,01/07/21,FAILED,MXN,249,168704.0,0.0
1176,147,01/07/21,IN_PROGRESS,MXN,6,2420.0,0.0
1177,147,01/08/21,CANCELLED,MXN,"3,924",2142652.31,0.0
1178,147,01/08/21,COMPLETED,MXN,"1,553",1005006.45,250.0
1179,147,01/08/21,FAILED,MXN,419,763907.38,0.0
1180,147,01/08/21,IN_PROGRESS,MXN,47,19148.4,0.0
1181,148,01/07/21,COMPLETED,MXN,"4,866",5446779.45,0.0
1182,148,01/07/21,IN_PROGRESS,MXN,479,567920.43,0.0
1183,148,01/07/21,FAILED,MXN,156,124134.09,0.0
1184,148,01/08/21,COMPLETED,MXN,"5,226",5788211.63,0.0
1185,148,01/08/21,IN_PROGRESS,MXN,368,454462.5,0.0
1186,148,01/08/21,FAILED,MXN,182,129984.71,0.0
1187,149,01/07/21,COMPLETED,MXN,"4,159",978307.95,17403.0
1188,149,01/07/21,FAILED,MXN,"1,712",511743.0,0.0
1189,149,01/07/21,ERROR,MXN,1,259.0,0.0
1190,149,01/08/21,COMPLETED,MXN,"3,835",885340.4,15034.0
1191,149,01/08/21,FAILED,MXN,"1,527",427179.5,0.0
1192,150,01/07/21,COMPLETED,MXN,"2,929",3440725.32,3021.74
1193,150,01/07/21,FAILED,MXN,"2,451",2874127.28,0.0
1194,150,01/07/21,ERROR,MXN,3,1298.76,0.0
1195,150,01/08/21,COMPLETED,MXN,"3,150",4585633.79,4907.03
1196,150,01/08/21,FAILED,MXN,"2,694",4095605.67,0.0
1197,150,01/08/21,CANCELLED,MXN,1,104599.24,0.0
1198,151,01/07/21,IN_PROGRESS,MXN,"3,559",4068677.0,0.0
1199,151,01/07/21,COMPLETED,MXN,627,747480.0,0.0
1200,151,01/07/21,FAILED,MXN,15,9350.0,0.0
1201,151,01/08/21,IN_PROGRESS,MXN,"6,028",7024208.0,0.0
1202,151,01/08/21,COMPLETED,MXN,765,1042992.0,0.0
1203,151,01/08/21,FAILED,MXN,30,20066.0,0.0
1204,152,01/07/21,FAILED,MXN,"6,738",52602535.81,0.0
1205,152,01/07/21,COMPLETED,MXN,"3,145",15750234.76,200547.72
1206,152,01/07/21,CANCELLED,MXN,136,1052665.52,0.0
1207,152,01/07/21,ERROR,MXN,9,58283.57,0.0
1208,152,01/07/21,IN_PROGRESS,MXN,1,7721.0,0.0
1209,152,01/08/21,FAILED,MXN,876,7012484.51,0.0
1210,152,01/08/21,COMPLETED,MXN,8,16436.09,0.0
1211,152,01/08/21,CANCELLED,MXN,1,7850.0,0.0
1212,152,01/08/21,ERROR,MXN,1,3880.0,0.0
1213,153,01/07/21,COMPLETED,MXN,"1,078",3666393.73,0.0
1214,153,01/07/21,FAILED,MXN,"1,043",3563862.71,0.0
1215,153,01/07/21,IN_PROGRESS,MXN,157,467301.54,0.0
1216,153,01/07/21,CANCELLED,MXN,88,259788.93,0.0
1217,153,01/07/21,EXPIRED,MXN,74,243560.41,0.0
1218,153,01/07/21,ERROR,MXN,4,12224.21,0.0
1219,153,01/08/21,COMPLETED,MXN,"4,201",8355558.38,0.0
1220,153,01/08/21,FAILED,MXN,"3,467",8176949.56,0.0
1221,153,01/08/21,IN_PROGRESS,MXN,374,860761.56,0.0
1222,153,01/08/21,EXPIRED,MXN,220,423895.38,0.0
1223,153,01/08/21,CANCELLED,MXN,197,492688.03,0.0
1224,153,01/08/21,ERROR,MXN,4,7608.19,0.0
1225,154,01/07/21,FAILED,MXN,"4,791",4846780.01,0.0
1226,154,01/07/21,COMPLETED,MXN,666,500517.6,24605.69
1227,154,01/07/21,ERROR,MXN,5,2951.0,0.0
1228,154,01/08/21,FAILED,MXN,"4,999",5290845.37,0.0
1229,154,01/08/21,COMPLETED,MXN,68,190199.44,1018.45
1230,155,01/07/21,COMPLETED,MXN,"4,526",11373585.38,0.0
1231,155,01/07/21,FAILED,MXN,611,972087.08,0.0
1232,155,01/07/21,EXPIRED,MXN,28,14289.04,0.0
1233,155,01/07/21,CANCELLED,MXN,3,6500.0,0.0
1234,155,01/08/21,COMPLETED,MXN,"4,772",11779548.26,0.0
1235,155,01/08/21,FAILED,MXN,464,693684.1,0.0
1236,155,01/08/21,EXPIRED,MXN,24,16362.12,0.0
1237,155,01/08/21,ERROR,MXN,1,1046.98,0.0
1238,156,01/07/21,IN_PROGRESS,MXN,"4,569",9320511.84,0.0
1239,156,01/07/21,COMPLETED,MXN,"1,429",3358302.0,0.0
1240,156,01/07/21,FAILED,MXN,234,354814.64,0.0
1241,156,01/08/21,IN_PROGRESS,MXN,"2,982",8581249.0,0.0
1242,156,01/08/21,COMPLETED,MXN,"1,012",3154116.0,0.0
1243,156,01/08/21,FAILED,MXN,187,433881.77,0.0
1244,157,01/07/21,IN_PROGRESS,MXN,"4,668",16445153.94,0.0
1245,157,01/07/21,COMPLETED,MXN,329,719712.53,0.0
1246,157,01/07/21,FAILED,MXN,220,783216.45,0.0
1247,157,01/07/21,EXPIRED,MXN,38,110179.0,0.0
1248,157,01/07/21,ERROR,MXN,1,3105.0,0.0
1249,157,01/08/21,IN_PROGRESS,MXN,"4,359",15458733.83,0.0
1250,157,01/08/21,COMPLETED,MXN,293,554426.73,0.0
1251,157,01/08/21,FAILED,MXN,175,530300.61,0.0
1252,157,01/08/21,EXPIRED,MXN,33,94207.5,0.0
1253,158,01/07/21,FAILED,MXN,"2,194",2417256.65,0.0
1254,158,01/07/21,COMPLETED,MXN,"2,134",2073809.65,114208.52
1255,158,01/07/21,ERROR,MXN,4,1950.0,0.0
1256,158,01/08/21,FAILED,MXN,"3,010",3148861.5,0.0
1257,158,01/08/21,COMPLETED,MXN,"2,747",2356890.52,228027.68
1258,158,01/08/21,ERROR,MXN,3,958.64,0.0
1259,159,01/07/21,FAILED,MXN,"2,997",9699908.58,0.0
1260,159,01/07/21,COMPLETED,MXN,"1,524",2078302.02,0.0
1261,159,01/07/21,EXPIRED,MXN,287,2166449.04,0.0
1262,159,01/07/21,IN_PROGRESS,MXN,46,26000.0,0.0
1263,159,01/07/21,ERROR,MXN,12,62779.38,0.0
1264,159,01/08/21,FAILED,MXN,"2,415",7720692.41,0.0
1265,159,01/08/21,COMPLETED,MXN,"1,966",2608757.59,0.0
1266,159,01/08/21,EXPIRED,MXN,735,3054611.71,0.0
1267,159,01/08/21,IN_PROGRESS,MXN,70,58100.0,0.0
1268,159,01/08/21,ERROR,MXN,7,4478.93,0.0
1269,160,01/07/21,COMPLETED,MXN,"3,565",4947538.8,280257.92
1270,160,01/07/21,FAILED,MXN,"2,024",3189023.7,0.0
1271,160,01/07/21,ERROR,MXN,4,4767.12,0.0
1272,160,01/08/21,COMPLETED,MXN,"2,870",3311643.9,141432.09
1273,160,01/08/21,FAILED,MXN,"1,542",2104111.23,0.0
1274,160,01/08/21,CANCELLED,MXN,5,1865324.84,0.0
1275,160,01/08/21,ERROR,MXN,1,990.0,0.0
1276,161,01/07/21,COMPLETED,MXN,"6,082",116610121.35,583609.5
1277,161,01/07/21,FAILED,MXN,"2,921",66456621.33,0.0
1278,161,01/07/21,IN_PROGRESS,MXN,50,790060.0,0.0
1279,161,01/07/21,ERROR,MXN,18,277632.8,0.0
1280,161,01/07/21,CANCELLED,MXN,4,85140.0,0.0
1281,161,01/08/21,COMPLETED,MXN,430,6248836.0,0.0
1282,161,01/08/21,FAILED,MXN,128,2023988.0,0.0
1283,161,01/08/21,CANCELLED,MXN,1,9910.0,0.0
1284,162,01/07/21,COMPLETED,MXN,"3,020",864830.15,1500.0
1285,162,01/07/21,FAILED,MXN,"1,092",287261.0,0.0
1286,162,01/07/21,CANCELLED,MXN,243,106033.0,0.0
1287,162,01/07/21,IN_PROGRESS,MXN,46,9000.0,0.0
1288,162,01/07/21,ERROR,MXN,2,100.0,0.0
1289,162,01/08/21,COMPLETED,MXN,"3,317",1098118.9,0.0
1290,162,01/08/21,FAILED,MXN,"1,204",340509.0,0.0
1291,162,01/08/21,CANCELLED,MXN,261,130452.5,0.0
1292,162,01/08/21,IN_PROGRESS,MXN,51,13500.0,0.0
1293,162,01/08/21,ERROR,MXN,2,250.0,0.0
1294,163,01/07/21,COMPLETED,MXN,"2,861",6528766.83,0.0
1295,163,01/07/21,FAILED,MXN,"1,167",2696768.42,0.0
1296,163,01/07/21,EXPIRED,MXN,740,1673517.14,0.0
1297,163,01/07/21,ERROR,MXN,8,16107.33,0.0
1298,163,01/08/21,COMPLETED,MXN,"2,833",6313386.99,0.0
1299,163,01/08/21,FAILED,MXN,989,2311809.17,0.0
1300,163,01/08/21,EXPIRED,MXN,629,1453198.65,0.0
1301,163,01/08/21,ERROR,MXN,3,4450.26,0.0
1302,163,01/08/21,CANCELLED,MXN,1,4107.0,0.0
1303,164,01/07/21,FAILED,MXN,"3,067",5358378.0,0.0
1304,164,01/07/21,COMPLETED,MXN,"1,560",2332889.5,146175.5
1305,164,01/07/21,ERROR,MXN,35,55277.5,0.0
1306,164,01/08/21,FAILED,MXN,"3,090",5034342.5,0.0
1307,164,01/08/21,COMPLETED,MXN,"1,278",1737053.0,177274.0
1308,164,01/08/21,ERROR,MXN,14,25352.5,0.0
1309,165,01/07/21,COMPLETED,MXN,"2,904",2185534.83,2018.8
1310,165,01/07/21,FAILED,MXN,"1,188",898637.8,0.0
1311,165,01/07/21,CANCELLED,MXN,108,69013.49,0.0
1312,165,01/07/21,CHARGE_PENDING,MXN,101,83258.96,0.0
1313,165,01/07/21,ERROR,MXN,11,6356.7,0.0
1314,165,01/08/21,COMPLETED,MXN,"3,051",2128152.23,3717.54
1315,165,01/08/21,FAILED,MXN,"1,430",990596.65,0.0
1316,165,01/08/21,CHARGE_PENDING,MXN,123,82531.62,0.0
1317,165,01/08/21,CANCELLED,MXN,122,77115.44,0.0
1318,165,01/08/21,ERROR,MXN,6,2547.23,0.0
1333,168,01/07/21,FAILED,MXN,"2,173",116800.01,0.0
1334,168,01/07/21,COMPLETED,MXN,"1,639",89025.83,535.0
1335,168,01/07/21,EXPIRED,MXN,354,15946.95,0.0
1336,168,01/07/21,ERROR,MXN,7,254.8,0.0
1337,168,01/08/21,FAILED,MXN,"2,230",134116.17,0.0
1338,168,01/08/21,COMPLETED,MXN,"1,727",96218.04,930.0
1339,168,01/08/21,EXPIRED,MXN,527,24385.83,0.0
1340,168,01/08/21,CANCELLED,MXN,2,11586.7,0.0
1341,169,01/07/21,FAILED,MXN,"4,627",47896584.37,0.0
1342,169,01/07/21,COMPLETED,MXN,"2,134",21642124.09,19547.1
1343,169,01/07/21,IN_PROGRESS,MXN,414,5508659.62,0.0
1344,169,01/07/21,EXPIRED,MXN,390,4192415.07,0.0
1345,169,01/07/21,ERROR,MXN,8,63266.86,0.0
1346,169,01/08/21,FAILED,MXN,565,8461447.18,0.0
1347,169,01/08/21,COMPLETED,MXN,289,3155992.29,0.0
1348,169,01/08/21,IN_PROGRESS,MXN,136,2142376.02,0.0
1349,169,01/08/21,EXPIRED,MXN,54,575290.29,0.0
1350,169,01/08/21,CANCELLED,MXN,1,35196.52,0.0
1351,169,01/08/21,ERROR,MXN,1,8981.1,0.0
1353,170,01/07/21,COMPLETED,USD,855,54643.19,0.0
1355,170,01/07/21,FAILED,USD,"1,871",189810.42,0.0
1360,170,01/07/21,CHARGE_PENDING,USD,10,498.69,0.0
1361,170,01/07/21,EXPIRED,USD,55,5983.17,0.0
1363,170,01/07/21,ERROR,USD,1,5.9,0.0
1365,170,01/08/21,COMPLETED,USD,532,26817.87,0.0
1366,170,01/08/21,FAILED,USD,"1,024",80169.68,0.0
1370,170,01/08/21,CHARGE_PENDING,USD,2,692.1,0.0
1371,170,01/08/21,EXPIRED,USD,27,3997.73,0.0
1373,171,01/07/21,FAILED,MXN,"1,821",3570538.63,0.0
1374,171,01/07/21,COMPLETED,MXN,"1,816",3357754.8,0.0
1375,171,01/07/21,CANCELLED,MXN,835,1713806.42,0.0
1376,171,01/07/21,EXPIRED,MXN,247,471311.16,0.0
1377,171,01/07/21,CHARGE_PENDING,MXN,10,14761.41,0.0
1378,171,01/07/21,ERROR,MXN,4,5188.0,0.0
1379,171,01/08/21,COMPLETED,MXN,"1,878",3652014.99,0.0
1380,171,01/08/21,FAILED,MXN,969,2161205.97,0.0
1381,171,01/08/21,CANCELLED,MXN,504,947646.15,0.0
1382,171,01/08/21,EXPIRED,MXN,245,468942.98,0.0
1383,171,01/08/21,ERROR,MXN,2,7297.0,0.0
1384,171,01/08/21,IN_PROGRESS,MXN,1,3199.0,0.0
1385,172,01/07/21,COMPLETED,MXN,"3,262",388493.68,576.39
1386,172,01/07/21,FAILED,MXN,944,112057.13,0.0
1387,172,01/07/21,ERROR,MXN,7,735.5,0.0
1388,172,01/08/21,COMPLETED,MXN,"3,135",375578.96,199.77
1389,172,01/08/21,FAILED,MXN,934,111053.73,0.0
1390,173,01/07/21,COMPLETED,MXN,"2,387",1458080.35,0.0
1391,173,01/07/21,FAILED,MXN,"1,335",823129.85,0.0
1392,173,01/07/21,EXPIRED,MXN,227,127361.16,0.0
1393,173,01/07/21,IN_PROGRESS,MXN,119,72647.98,0.0
1394,173,01/07/21,ERROR,MXN,13,4992.02,0.0
1395,173,01/08/21,COMPLETED,MXN,"2,757",1748056.64,0.0
1396,173,01/08/21,FAILED,MXN,"1,060",694230.14,0.0
1397,173,01/08/21,EXPIRED,MXN,215,132345.69,0.0
1398,173,01/08/21,IN_PROGRESS,MXN,146,91442.92,0.0
1399,173,01/08/21,ERROR,MXN,7,5317.54,0.0
1400,174,01/07/21,COMPLETED,MXN,"3,250",1161172.93,0.0
1401,174,01/07/21,CHARGE_PENDING,MXN,500,30590.0,0.0
1402,174,01/07/21,FAILED,MXN,269,196317.98,0.0
1403,174,01/08/21,COMPLETED,MXN,"3,376",1260910.37,0.0
1404,174,01/08/21,CHARGE_PENDING,MXN,497,25301.0,0.0
1405,174,01/08/21,FAILED,MXN,299,252564.04,0.0
1406,175,01/07/21,COMPLETED,MXN,"2,598",1952604.0,16833.0
1407,175,01/07/21,FAILED,MXN,"1,460",1739470.0,0.0
1408,175,01/07/21,EXPIRED,MXN,127,104927.0,0.0
1409,175,01/07/21,ERROR,MXN,10,8933.0,0.0
1410,175,01/08/21,COMPLETED,MXN,"2,323",1652361.5,11525.0
1411,175,01/08/21,FAILED,MXN,"1,399",1684460.0,0.0
1412,175,01/08/21,EXPIRED,MXN,271,293940.0,0.0
1413,175,01/08/21,ERROR,MXN,1,3642.0,0.0
1414,176,01/07/21,COMPLETED,MXN,"3,814",3297690.85,0.0
1415,176,01/07/21,FAILED,MXN,34,30461.06,0.0
1416,176,01/07/21,CANCELLED,MXN,12,8500.0,0.0
1417,176,01/08/21,COMPLETED,MXN,"4,275",3673202.93,0.0
1418,176,01/08/21,FAILED,MXN,49,33676.0,0.0
1419,176,01/08/21,CANCELLED,MXN,3,678.0,0.0
1420,177,01/07/21,COMPLETED,MXN,"1,842",4606025.85,24725.01
1421,177,01/07/21,FAILED,MXN,"1,264",4873641.49,0.0
1422,177,01/07/21,IN_PROGRESS,MXN,232,791205.27,0.0
1423,177,01/07/21,CANCELLED,MXN,151,828390.65,0.0
1424,177,01/07/21,EXPIRED,MXN,42,59703.41,0.0
1425,177,01/07/21,ERROR,MXN,11,19617.78,0.0
1426,177,01/08/21,COMPLETED,MXN,"2,208",5355746.47,26693.86
1427,177,01/08/21,FAILED,MXN,"1,824",4900441.72,0.0
1428,177,01/08/21,IN_PROGRESS,MXN,287,914886.04,0.0
1429,177,01/08/21,CANCELLED,MXN,117,1031467.37,0.0
1430,177,01/08/21,EXPIRED,MXN,41,78431.33,0.0
1431,177,01/08/21,CHARGE_PENDING,MXN,2,1014.45,0.0
1432,178,01/07/21,COMPLETED,MXN,"1,776",10719209.09,0.0
1433,178,01/07/21,CANCELLED,MXN,"1,408",12459634.35,0.0
1434,178,01/07/21,IN_PROGRESS,MXN,691,4662799.19,0.0
1435,178,01/08/21,COMPLETED,MXN,"1,923",13334716.9,0.0
1436,178,01/08/21,IN_PROGRESS,MXN,"1,082",6473946.58,0.0
1437,178,01/08/21,CANCELLED,MXN,"1,036",6795564.99,0.0
1438,179,01/07/21,COMPLETED,MXN,"3,931",21543110.0,0.0
1439,179,01/07/21,FAILED,MXN,64,280778.0,0.0
1440,179,01/07/21,CANCELLED,MXN,2,5890.0,0.0
1441,179,01/08/21,COMPLETED,MXN,"3,726",19870070.0,0.0
1442,179,01/08/21,FAILED,MXN,67,336500.0,0.0
1443,180,01/07/21,FAILED,MXN,"3,891",18127524.82,0.0
1444,180,01/07/21,COMPLETED,MXN,305,747496.91,18785.36
1445,180,01/07/21,CANCELLED,MXN,25,4957.37,0.0
1446,180,01/07/21,ERROR,MXN,15,46677.71,0.0
1447,180,01/08/21,FAILED,MXN,"3,285",18478397.88,0.0
1448,180,01/08/21,COMPLETED,MXN,203,537402.0,4868.8
1449,180,01/08/21,CANCELLED,MXN,5,108.46,0.0
1450,180,01/08/21,ERROR,MXN,3,13568.05,0.0
1451,181,01/07/21,COMPLETED,MXN,"1,048",1275838.62,0.0
1452,181,01/07/21,FAILED,MXN,708,807697.52,0.0
1453,181,01/07/21,IN_PROGRESS,MXN,564,702286.92,0.0
1454,181,01/07/21,CANCELLED,MXN,32,44206.0,0.0
1455,181,01/08/21,COMPLETED,MXN,"2,713",2055662.87,950.6
1456,181,01/08/21,IN_PROGRESS,MXN,"1,440",1336602.72,0.0
1457,181,01/08/21,FAILED,MXN,"1,084",812879.49,0.0
1458,181,01/08/21,CANCELLED,MXN,115,359558.0,0.0
1459,182,01/07/21,COMPLETED,MXN,"3,583",16407344.87,0.0
1460,182,01/07/21,FAILED,MXN,55,202024.0,0.0
1461,182,01/07/21,CANCELLED,MXN,1,5000.0,0.0
1462,182,01/08/21,COMPLETED,MXN,"3,950",17572587.54,0.0
1463,182,01/08/21,FAILED,MXN,66,254411.0,0.0
1464,183,01/07/21,COMPLETED,MXN,"2,814",705438.6,13142.0
1465,183,01/07/21,FAILED,MXN,"1,128",379545.6,0.0
1466,183,01/08/21,COMPLETED,MXN,"2,732",672776.2,8282.0
1467,183,01/08/21,FAILED,MXN,960,286457.1,0.0
1468,183,01/08/21,CANCELLED,MXN,3,133553.16,0.0
1469,184,01/07/21,COMPLETED,MXN,"2,062",4110397.32,10865.72
1470,184,01/07/21,FAILED,MXN,"1,208",2497126.18,0.0
1471,184,01/07/21,CANCELLED,MXN,404,954171.91,0.0
1472,184,01/07/21,IN_PROGRESS,MXN,21,34047.16,0.0
1473,184,01/08/21,COMPLETED,MXN,"2,241",4634999.19,1448.84
1474,184,01/08/21,FAILED,MXN,"1,241",2612838.49,0.0
1475,184,01/08/21,CANCELLED,MXN,365,974887.19,0.0
1476,184,01/08/21,IN_PROGRESS,MXN,45,136271.0,0.0
1477,185,01/07/21,FAILED,MXN,"2,759",7934068.82,0.0
1478,185,01/07/21,COMPLETED,MXN,"1,923",5455134.5,255461.54
1479,185,01/07/21,ERROR,MXN,1,3198.78,0.0
1480,185,01/08/21,FAILED,MXN,"1,839",5412741.55,0.0
1481,185,01/08/21,COMPLETED,MXN,"1,014",2887080.74,145327.66
1482,186,01/07/21,IN_PROGRESS,MXN,"3,015",3852100.59,0.0
1483,186,01/07/21,COMPLETED,MXN,"1,700",2117738.26,0.0
1484,186,01/07/21,FAILED,MXN,437,536515.77,0.0
1485,186,01/08/21,IN_PROGRESS,MXN,"1,488",1779901.52,0.0
1486,186,01/08/21,COMPLETED,MXN,673,822570.04,0.0
1487,186,01/08/21,FAILED,MXN,108,117706.18,0.0
1488,186,01/08/21,CANCELLED,MXN,2,151008.29,0.0
1501,188,01/07/21,FAILED,MXN,"4,780",95850.0,0.0
1502,188,01/07/21,COMPLETED,MXN,"1,696",33574.44,395.84
1503,188,01/07/21,ERROR,MXN,2,40.83,0.0
1504,188,01/07/21,IN_PROGRESS,MXN,1,27.5,0.0
1505,188,01/08/21,FAILED,MXN,665,13098.04,0.0
1506,188,01/08/21,COMPLETED,MXN,17,23268.41,0.0
1507,188,01/08/21,CANCELLED,MXN,1,22500.0,0.0
1508,189,01/07/21,COMPLETED,MXN,"2,679",832247.44,3420.95
1509,189,01/07/21,FAILED,MXN,818,312830.48,0.0
1510,189,01/07/21,IN_PROGRESS,MXN,25,21747.66,0.0
1511,189,01/07/21,ERROR,MXN,4,1596.6,0.0
1512,189,01/08/21,COMPLETED,MXN,"2,547",810212.05,5749.25
1513,189,01/08/21,FAILED,MXN,919,366701.37,0.0
1514,189,01/08/21,IN_PROGRESS,MXN,11,3022.4,0.0
1515,189,01/08/21,ERROR,MXN,2,598.0,0.0
1516,190,01/07/21,COMPLETED,USD,"2,653",1129858.42,0.0
1517,190,01/07/21,CHARGE_PENDING,USD,679,472845.34,0.0
1518,190,01/07/21,FAILED,USD,611,463909.18,0.0
1519,190,01/07/21,ERROR,USD,37,18993.79,0.0
1520,190,01/07/21,IN_PROGRESS,USD,1,10.0,0.0
1521,190,01/08/21,COMPLETED,USD,"2,020",776782.78,0.0
1522,190,01/08/21,CHARGE_PENDING,USD,502,330535.27,0.0
1523,190,01/08/21,FAILED,USD,407,290914.3,0.0
1524,190,01/08/21,ERROR,USD,17,17388.65,0.0
1525,190,01/08/21,IN_PROGRESS,USD,1,65.0,0.0
1526,191,01/07/21,COMPLETED,MXN,"3,069",5212000.54,0.0
1527,191,01/07/21,FAILED,MXN,279,613887.17,0.0
1528,191,01/07/21,CANCELLED,MXN,3,4070.0,0.0
1529,191,01/08/21,COMPLETED,MXN,"3,240",5782043.27,0.0
1530,191,01/08/21,FAILED,MXN,247,719325.98,0.0
1531,192,01/07/21,COMPLETED,MXN,"3,101",30180729.35,0.0
1532,192,01/07/21,CANCELLED,MXN,4,14060.5,0.0
1533,192,01/07/21,FAILED,MXN,3,24767.0,0.0
1534,192,01/08/21,COMPLETED,MXN,"3,685",37592382.02,0.0
1535,192,01/08/21,FAILED,MXN,6,43613.88,0.0
1536,193,01/07/21,FAILED,MXN,"2,015",7119431.05,0.0
1537,193,01/07/21,COMPLETED,MXN,"1,342",2429263.26,120277.96
1538,193,01/07/21,CANCELLED,MXN,2,4122.92,0.0
1539,193,01/08/21,FAILED,MXN,"1,971",6640913.23,0.0
1540,193,01/08/21,COMPLETED,MXN,"1,292",2435030.09,125510.0
1541,193,01/08/21,CANCELLED,MXN,9,22276.54,0.0
1542,194,01/07/21,COMPLETED,MXN,"2,304",1017174.0,100.0
1543,194,01/07/21,FAILED,MXN,584,311592.0,0.0
1544,194,01/07/21,CANCELLED,MXN,149,114697.0,0.0
1545,194,01/07/21,IN_PROGRESS,MXN,117,24680.0,0.0
1546,194,01/08/21,COMPLETED,MXN,"2,510",1381261.0,2900.0
1547,194,01/08/21,FAILED,MXN,615,288886.0,0.0
1548,194,01/08/21,CANCELLED,MXN,196,71426.0,0.0
1549,194,01/08/21,IN_PROGRESS,MXN,121,120620.0,0.0
1550,194,01/08/21,ERROR,MXN,4,710.0,0.0
1551,195,01/07/21,FAILED,MXN,"1,191",9314628.51,0.0
1552,195,01/07/21,COMPLETED,MXN,"1,103",7509201.63,0.0
1553,195,01/07/21,IN_PROGRESS,MXN,285,2167459.13,0.0
1554,195,01/07/21,CANCELLED,MXN,266,3332550.11,0.0
1555,195,01/07/21,EXPIRED,MXN,148,1123353.39,0.0
1556,195,01/07/21,ERROR,MXN,11,29230.74,0.0
1557,195,01/08/21,FAILED,MXN,"1,461",15589618.31,0.0
1558,195,01/08/21,COMPLETED,MXN,"1,274",9361727.4,0.0
1559,195,01/08/21,IN_PROGRESS,MXN,355,3505695.64,0.0
1560,195,01/08/21,CANCELLED,MXN,276,5186141.13,0.0
1561,195,01/08/21,EXPIRED,MXN,123,1283387.68,0.0
1562,195,01/08/21,ERROR,MXN,2,19252.92,0.0
1563,196,01/07/21,COMPLETED,MXN,"2,133",1487361.95,3804.66
1564,196,01/07/21,FAILED,MXN,"1,139",1101367.01,0.0
1565,196,01/07/21,ERROR,MXN,1,300.36,0.0
1566,196,01/08/21,COMPLETED,MXN,"2,075",1407425.72,5003.19
1567,196,01/08/21,FAILED,MXN,"1,030",820450.34,0.0
1568,197,01/07/21,COMPLETED,MXN,"1,747",40994.47,35.0
1569,197,01/07/21,FAILED,MXN,"1,307",37409.48,0.0
1570,197,01/07/21,ERROR,MXN,4,90.0,0.0
1571,197,01/08/21,COMPLETED,MXN,"1,780",39919.34,500.0
1572,197,01/08/21,FAILED,MXN,"1,466",44267.49,0.0
1573,197,01/08/21,ERROR,MXN,6,230.0,0.0
1574,198,01/07/21,COMPLETED,MXN,"2,352",614464.8,0.0
1575,198,01/07/21,FAILED,MXN,673,243668.7,0.0
1576,198,01/07/21,CANCELLED,MXN,24,5821.0,0.0
1577,198,01/08/21,COMPLETED,MXN,"2,270",574619.3,0.0
1578,198,01/08/21,FAILED,MXN,738,241779.5,0.0
1579,198,01/08/21,CANCELLED,MXN,68,18481.0,0.0
1580,198,01/08/21,IN_PROGRESS,MXN,12,3469.5,0.0
1589,200,01/07/21,FAILED,MXN,"1,929",2613525.32,0.0
1590,200,01/07/21,COMPLETED,MXN,"1,218",1432254.7,67548.74
1591,200,01/07/21,ERROR,MXN,4,6037.98,0.0
1592,200,01/08/21,FAILED,MXN,"1,812",2393958.35,0.0
1593,200,01/08/21,COMPLETED,MXN,"1,057",1210605.46,44272.5
1594,201,01/07/21,COMPLETED,MXN,"2,337",1471869.0,0.0
1595,201,01/07/21,FAILED,MXN,816,443407.0,0.0
1596,201,01/08/21,COMPLETED,MXN,"2,314",1449354.0,0.0
1597,201,01/08/21,FAILED,MXN,540,293771.0,0.0
1598,202,01/07/21,COMPLETED,MXN,"1,927",543780.0,11094.0
1599,202,01/07/21,FAILED,MXN,"1,160",411014.8,0.0
1600,202,01/07/21,ERROR,MXN,1,198.0,0.0
1601,202,01/08/21,COMPLETED,MXN,"1,849",513243.5,8784.0
1602,202,01/08/21,FAILED,MXN,946,324713.1,0.0
1603,203,01/07/21,COMPLETED,MXN,"1,830",1700681.57,1251.41
1604,203,01/07/21,FAILED,MXN,448,395259.74,0.0
1605,203,01/07/21,IN_PROGRESS,MXN,385,378613.33,0.0
1606,203,01/07/21,CANCELLED,MXN,196,223067.96,0.0
1607,203,01/07/21,EXPIRED,MXN,6,6803.17,0.0
1608,203,01/07/21,ERROR,MXN,2,1553.24,0.0
1609,203,01/08/21,COMPLETED,MXN,"1,901",1933055.81,3718.96
1610,203,01/08/21,IN_PROGRESS,MXN,482,665982.36,0.0
1611,203,01/08/21,FAILED,MXN,432,405227.46,0.0
1612,203,01/08/21,CANCELLED,MXN,176,281270.57,0.0
1613,203,01/08/21,EXPIRED,MXN,7,4307.94,0.0
1614,203,01/08/21,ERROR,MXN,1,1437.59,0.0
1615,204,01/07/21,COMPLETED,MXN,"2,009",524575.4,6929.0
1616,204,01/07/21,FAILED,MXN,836,286919.5,0.0
1617,204,01/07/21,ERROR,MXN,1,198.0,0.0
1618,204,01/08/21,COMPLETED,MXN,"1,999",507938.9,5487.0
1619,204,01/08/21,FAILED,MXN,922,296450.2,0.0
1620,205,01/07/21,COMPLETED,MXN,"1,962",476655.6,16552.0
1621,205,01/07/21,FAILED,MXN,986,302077.5,0.0
1622,205,01/08/21,COMPLETED,MXN,"1,768",432902.7,12610.0
1623,205,01/08/21,FAILED,MXN,939,289252.6,0.0
1624,206,01/07/21,COMPLETED,MXN,"1,350",422458.12,0.0
1625,206,01/07/21,FAILED,MXN,600,132014.51,0.0
1626,206,01/07/21,EXPIRED,MXN,372,144178.83,0.0
1627,206,01/07/21,ERROR,MXN,30,9037.1,0.0
1628,206,01/08/21,COMPLETED,MXN,"1,906",568075.78,0.0
1629,206,01/08/21,FAILED,MXN,885,277791.77,0.0
1630,206,01/08/21,EXPIRED,MXN,428,103735.89,0.0
1631,206,01/08/21,ERROR,MXN,3,1268.26,0.0
1632,207,01/07/21,COMPLETED,MXN,"1,956",531786.0,498.0
1633,207,01/07/21,FAILED,MXN,861,127309.0,0.0
1634,207,01/07/21,CANCELLED,MXN,22,29050.0,0.0
1635,207,01/07/21,ERROR,MXN,3,297.0,0.0
1636,207,01/08/21,COMPLETED,MXN,"1,967",587611.0,0.0
1637,207,01/08/21,FAILED,MXN,689,107646.0,0.0
1638,207,01/08/21,CANCELLED,MXN,17,25380.0,0.0
1639,207,01/08/21,ERROR,MXN,1,200.0,0.0
1640,208,01/07/21,IN_PROGRESS,MXN,"1,455",1235281.46,0.0
1641,208,01/07/21,COMPLETED,MXN,"1,343",1468977.23,0.0
1642,208,01/07/21,FAILED,MXN,219,132192.5,0.0
1643,208,01/08/21,COMPLETED,MXN,"1,108",1332834.29,0.0
1644,208,01/08/21,IN_PROGRESS,MXN,"1,055",1126433.67,0.0
1645,208,01/08/21,FAILED,MXN,171,124471.0,0.0
1646,209,01/07/21,IN_PROGRESS,MXN,"2,794",10145401.72,0.0
1647,209,01/07/21,COMPLETED,MXN,2,8821.85,0.0
1648,209,01/08/21,IN_PROGRESS,MXN,"2,371",9206745.23,0.0
1649,209,01/08/21,FAILED,MXN,2,11198.0,0.0
1650,209,01/08/21,COMPLETED,MXN,1,2948.01,0.0
1651,210,01/07/21,COMPLETED,MXN,"1,259",1381392.4,0.0
1652,210,01/07/21,EXPIRED,MXN,653,1755690.5,0.0
1653,210,01/07/21,FAILED,MXN,627,378395.48,0.0
1654,210,01/07/21,CANCELLED,MXN,216,867602.35,0.0
1655,210,01/07/21,IN_PROGRESS,MXN,185,328101.46,0.0
1656,210,01/07/21,ERROR,MXN,1,23923.69,0.0
1657,210,01/08/21,COMPLETED,MXN,778,774683.43,0.0
1658,210,01/08/21,EXPIRED,MXN,486,2858671.4,0.0
1659,210,01/08/21,IN_PROGRESS,MXN,366,1136459.58,0.0
1660,210,01/08/21,FAILED,MXN,282,220799.56,0.0
1661,210,01/08/21,CANCELLED,MXN,241,1446962.03,0.0
1662,210,01/08/21,ERROR,MXN,1,325.12,0.0
1663,211,01/07/21,COMPLETED,MXN,"2,516",4556101.88,0.0
1664,211,01/07/21,FAILED,MXN,5,5138.0,0.0
1665,211,01/07/21,CANCELLED,MXN,3,4918.0,0.0
1666,211,01/08/21,COMPLETED,MXN,"2,528",4137543.21,0.0
1667,211,01/08/21,FAILED,MXN,9,10051.86,0.0
1668,212,01/07/21,FAILED,MXN,"1,239",298942.6,0.0
1669,212,01/07/21,COMPLETED,MXN,807,174712.0,662.0
1670,212,01/07/21,CANCELLED,MXN,264,63630.28,0.0
1671,212,01/07/21,IN_PROGRESS,MXN,191,44659.28,0.0
1672,212,01/08/21,FAILED,MXN,"1,346",294984.93,0.0
1673,212,01/08/21,COMPLETED,MXN,831,167394.06,489.0
1674,212,01/08/21,CANCELLED,MXN,191,45716.2,0.0
1675,212,01/08/21,IN_PROGRESS,MXN,188,43225.99,0.0
1676,213,01/07/21,COMPLETED,MXN,"1,442",2270528.05,0.0
1677,213,01/07/21,FAILED,MXN,936,2021116.61,0.0
1678,213,01/07/21,CANCELLED,MXN,41,88891.98,0.0
1679,213,01/07/21,CHARGE_PENDING,MXN,26,46594.25,0.0
1680,213,01/07/21,IN_PROGRESS,MXN,3,5016.0,0.0
1681,213,01/07/21,ERROR,MXN,1,2710.55,0.0
1682,213,01/08/21,COMPLETED,MXN,"1,435",2107030.31,2384.07
1683,213,01/08/21,FAILED,MXN,"1,073",2407069.01,0.0
1684,213,01/08/21,CANCELLED,MXN,43,633771.52,0.0
1685,213,01/08/21,CHARGE_PENDING,MXN,42,144053.4,0.0
1686,213,01/08/21,IN_PROGRESS,MXN,6,6901.88,0.0
1687,214,01/07/21,COMPLETED,MXN,"2,417",13258361.15,0.0
1688,214,01/07/21,FAILED,MXN,18,51132.38,0.0
1689,214,01/08/21,COMPLETED,MXN,"2,575",14133209.58,0.0
1690,214,01/08/21,FAILED,MXN,17,85917.0,0.0
1691,215,01/07/21,COMPLETED,MXN,"2,241",11503251.74,0.0
1692,215,01/07/21,FAILED,MXN,4,22026.0,0.0
1693,215,01/07/21,CANCELLED,MXN,1,1505.0,0.0
1694,215,01/08/21,COMPLETED,MXN,"2,715",14460455.02,0.0
1695,215,01/08/21,FAILED,MXN,16,70252.0,0.0
1696,216,01/07/21,IN_PROGRESS,MXN,909,2866910.33,0.0
1697,216,01/07/21,CANCELLED,MXN,858,2509308.53,0.0
1698,216,01/07/21,COMPLETED,MXN,437,1317506.98,0.0
1699,216,01/07/21,FAILED,MXN,101,221462.4,0.0
1700,216,01/08/21,COMPLETED,MXN,859,1961136.81,0.0
1701,216,01/08/21,CANCELLED,MXN,770,2056791.64,0.0
1702,216,01/08/21,IN_PROGRESS,MXN,734,2008906.63,0.0
1703,216,01/08/21,FAILED,MXN,285,629944.0,0.0
1704,217,01/07/21,COMPLETED,MXN,"1,762",1645926.99,1078.8
1705,217,01/07/21,FAILED,MXN,393,359141.79,0.0
1706,217,01/07/21,CANCELLED,MXN,150,221708.77,0.0
1707,217,01/07/21,IN_PROGRESS,MXN,64,46560.21,0.0
1708,217,01/08/21,COMPLETED,MXN,"1,874",1691236.83,6380.0
1709,217,01/08/21,FAILED,MXN,462,419867.5,0.0
1710,217,01/08/21,CANCELLED,MXN,152,297932.68,0.0
1711,217,01/08/21,IN_PROGRESS,MXN,76,65412.72,0.0
1712,218,01/07/21,COMPLETED,MXN,"1,368",2524735.27,0.0
1713,218,01/07/21,IN_PROGRESS,MXN,"1,087",1696067.34,0.0
1714,218,01/07/21,FAILED,MXN,196,215940.0,0.0
1715,218,01/08/21,COMPLETED,MXN,"1,130",2195818.22,0.0
1716,218,01/08/21,IN_PROGRESS,MXN,917,1537079.1,0.0
1717,218,01/08/21,FAILED,MXN,194,250229.0,0.0
1718,219,01/07/21,COMPLETED,MXN,"2,289",11994750.75,0.0
1719,219,01/07/21,FAILED,MXN,104,533748.14,0.0
1720,219,01/07/21,CANCELLED,MXN,81,379904.64,0.0
1721,219,01/07/21,IN_PROGRESS,MXN,61,193585.44,0.0
1722,219,01/08/21,COMPLETED,MXN,"2,096",10660117.4,0.0
1723,219,01/08/21,CANCELLED,MXN,101,1555521.54,0.0
1724,219,01/08/21,FAILED,MXN,70,241257.32,0.0
1725,219,01/08/21,IN_PROGRESS,MXN,33,186037.32,0.0
1726,220,01/07/21,COMPLETED,MXN,"2,010",4483888.9,110108.82
1727,220,01/07/21,FAILED,MXN,"1,947",3891113.05,0.0
1728,220,01/07/21,CANCELLED,MXN,5,6822.88,0.0
1729,220,01/07/21,ERROR,MXN,1,3283.42,0.0
1730,220,01/08/21,COMPLETED,MXN,433,1566890.5,39600.03
1731,220,01/08/21,FAILED,MXN,418,1025551.0,0.0
1732,221,01/07/21,COMPLETED,MXN,648,964054.0,0.0
1733,221,01/07/21,FAILED,MXN,573,871025.0,0.0
1734,221,01/07/21,CANCELLED,MXN,522,794912.0,0.0
1735,221,01/07/21,EXPIRED,MXN,79,112629.0,0.0
1736,221,01/07/21,CHARGE_PENDING,MXN,5,7111.0,0.0
1737,221,01/07/21,ERROR,MXN,1,599.0,0.0
1738,221,01/08/21,CANCELLED,MXN,977,1741429.0,0.0
1739,221,01/08/21,FAILED,MXN,939,1377449.0,0.0
1740,221,01/08/21,COMPLETED,MXN,861,1340211.0,0.0
1741,221,01/08/21,EXPIRED,MXN,123,210510.0,0.0
1742,221,01/08/21,CHARGE_PENDING,MXN,2,3795.0,0.0
1743,222,01/07/21,COMPLETED,MXN,"1,568",455287.0,2679.0
1744,222,01/07/21,FAILED,MXN,377,108084.0,0.0
1745,222,01/07/21,IN_PROGRESS,MXN,219,93436.0,0.0
1746,222,01/07/21,CANCELLED,MXN,3,2008.0,0.0
1747,222,01/08/21,COMPLETED,MXN,"1,663",470976.0,3632.0
1748,222,01/08/21,FAILED,MXN,552,169471.0,0.0
1749,222,01/08/21,IN_PROGRESS,MXN,332,142546.0,0.0
1750,222,01/08/21,CANCELLED,MXN,2,1474.0,0.0
1751,222,01/08/21,ERROR,MXN,1,359.0,0.0
1752,223,01/07/21,COMPLETED,MXN,"1,607",2573836.19,23652.38
1753,223,01/07/21,FAILED,MXN,"1,548",2395979.02,0.0
1754,223,01/07/21,EXPIRED,MXN,56,88811.44,0.0
1755,223,01/07/21,ERROR,MXN,1,1249.0,0.0
1756,223,01/08/21,FAILED,MXN,812,1428115.45,0.0
1757,223,01/08/21,COMPLETED,MXN,622,953676.47,31500.81
1758,223,01/08/21,EXPIRED,MXN,39,66311.09,0.0
1759,224,01/07/21,COMPLETED,MXN,"2,219",19533406.85,0.0
1760,224,01/07/21,CANCELLED,MXN,5,19550.0,0.0
1761,224,01/07/21,FAILED,MXN,1,2177.0,0.0
1762,224,01/08/21,COMPLETED,MXN,"2,398",21736110.85,0.0
1763,224,01/08/21,FAILED,MXN,2,5896.0,0.0
1764,224,01/08/21,CANCELLED,MXN,1,1160.0,0.0
1765,225,01/07/21,COMPLETED,MXN,"1,752",427277.8,1335.0
1766,225,01/07/21,FAILED,MXN,513,158741.5,0.0
1767,225,01/08/21,COMPLETED,MXN,"1,840",442048.5,1636.0
1768,225,01/08/21,FAILED,MXN,481,136637.3,0.0
1769,226,01/07/21,COMPLETED,MXN,"1,438",2806598.66,0.0
1770,226,01/07/21,FAILED,MXN,448,787858.0,0.0
1771,226,01/07/21,CANCELLED,MXN,272,560129.4,0.0
1772,226,01/07/21,IN_PROGRESS,MXN,32,59722.0,0.0
1773,226,01/07/21,ERROR,MXN,2,3243.0,0.0
1774,226,01/08/21,COMPLETED,MXN,"1,540",2971319.2,5239.0
1775,226,01/08/21,FAILED,MXN,518,913528.0,0.0
1776,226,01/08/21,CANCELLED,MXN,219,469786.3,0.0
1777,226,01/08/21,IN_PROGRESS,MXN,51,99543.0,0.0
1778,227,01/07/21,COMPLETED,MXN,"2,248",2872395.75,0.0
1779,227,01/07/21,FAILED,MXN,221,198670.0,0.0
1780,227,01/07/21,CANCELLED,MXN,4,2242.0,0.0
1781,227,01/08/21,COMPLETED,MXN,"2,014",2819430.71,0.0
1782,227,01/08/21,FAILED,MXN,29,86637.0,0.0
1783,228,01/07/21,COMPLETED,MXN,"1,263",5514378.01,25402.47
1784,228,01/07/21,FAILED,MXN,965,4535292.37,0.0
1785,228,01/07/21,CANCELLED,MXN,34,157433.19,0.0
1786,228,01/08/21,COMPLETED,MXN,"1,286",4350375.52,22738.55
1787,228,01/08/21,FAILED,MXN,907,3619605.82,0.0
1788,228,01/08/21,CANCELLED,MXN,18,94019.85,0.0
1789,228,01/08/21,CHARGE_PENDING,MXN,18,91014.59,0.0
1790,229,01/07/21,COMPLETED,MXN,"1,554",864043.11,0.0
1791,229,01/07/21,EXPIRED,MXN,706,380535.6,0.0
1792,229,01/07/21,FAILED,MXN,482,316908.46,0.0
1793,229,01/07/21,IN_PROGRESS,MXN,55,128739.5,0.0
1794,229,01/07/21,ERROR,MXN,10,7389.67,0.0
1795,229,01/07/21,CANCELLED,MXN,7,17808.1,0.0
1796,229,01/08/21,COMPLETED,MXN,925,588683.67,0.0
1797,229,01/08/21,FAILED,MXN,366,301985.79,0.0
1798,229,01/08/21,EXPIRED,MXN,347,227740.97,0.0
1799,229,01/08/21,IN_PROGRESS,MXN,28,38259.75,0.0
1800,229,01/08/21,ERROR,MXN,3,650.0,0.0
1801,229,01/08/21,CANCELLED,MXN,2,13047.0,0.0
1802,230,01/07/21,FAILED,MXN,"1,264",11980956.4,0.0
1803,230,01/07/21,COMPLETED,MXN,398,3660660.85,0.0
1804,230,01/07/21,CANCELLED,MXN,252,1500998.11,0.0
1805,230,01/07/21,EXPIRED,MXN,185,1404694.0,0.0
1806,230,01/07/21,IN_PROGRESS,MXN,119,1366054.04,0.0
1807,230,01/07/21,ERROR,MXN,6,64704.0,0.0
1808,230,01/08/21,FAILED,MXN,"1,330",13571387.77,0.0
1809,230,01/08/21,COMPLETED,MXN,436,4298910.85,0.0
1810,230,01/08/21,EXPIRED,MXN,156,1193304.96,0.0
1811,230,01/08/21,IN_PROGRESS,MXN,154,1687032.46,0.0
1812,230,01/08/21,CANCELLED,MXN,120,1065562.0,0.0
1813,230,01/08/21,ERROR,MXN,1,3999.0,0.0
1814,231,01/07/21,COMPLETED,MXN,"2,020",15732954.43,0.0
1815,231,01/07/21,FAILED,MXN,10,100787.5,0.0
1816,231,01/08/21,COMPLETED,MXN,"2,358",19748244.98,0.0
1817,231,01/08/21,FAILED,MXN,7,58106.0,0.0
1818,232,01/07/21,COMPLETED,MXN,"1,247",1620552.5,0.0
1819,232,01/07/21,FAILED,MXN,881,1246591.0,0.0
1820,232,01/07/21,EXPIRED,MXN,189,266045.0,0.0
1821,232,01/07/21,IN_PROGRESS,MXN,49,59947.0,0.0
1822,232,01/07/21,ERROR,MXN,10,10359.0,0.0
1823,232,01/07/21,CANCELLED,MXN,2,70.0,0.0
1824,232,01/08/21,COMPLETED,MXN,"1,132",1416055.0,0.0
1825,232,01/08/21,FAILED,MXN,631,846194.0,0.0
1826,232,01/08/21,EXPIRED,MXN,172,237305.5,0.0
1827,232,01/08/21,IN_PROGRESS,MXN,31,161483.15,0.0
1828,232,01/08/21,CANCELLED,MXN,2,244620.3,0.0
1829,232,01/08/21,ERROR,MXN,1,1100.0,0.0
1842,234,01/07/21,COMPLETED,MXN,"2,036",13434411.74,0.0
1843,234,01/07/21,FAILED,MXN,9,42269.0,0.0
1844,234,01/07/21,CANCELLED,MXN,8,38284.0,0.0
1845,234,01/08/21,COMPLETED,MXN,"2,226",15484762.64,0.0
1846,234,01/08/21,FAILED,MXN,2,16876.0,0.0
1847,235,01/07/21,COMPLETED,MXN,607,2669643.21,0.0
1848,235,01/07/21,IN_PROGRESS,MXN,270,1187863.44,0.0
1849,235,01/07/21,FAILED,MXN,210,774341.76,0.0
1850,235,01/08/21,COMPLETED,MXN,"1,927",7238858.46,0.0
1851,235,01/08/21,IN_PROGRESS,MXN,630,2597615.9,0.0
1852,235,01/08/21,FAILED,MXN,564,2049242.33,0.0
1853,236,01/07/21,IN_PROGRESS,MXN,"2,086",7418328.74,0.0
1854,236,01/07/21,COMPLETED,MXN,72,612047.0,0.0
1855,236,01/07/21,FAILED,MXN,9,88282.0,0.0
1856,236,01/08/21,IN_PROGRESS,MXN,"1,960",7218137.88,0.0
1857,236,01/08/21,COMPLETED,MXN,69,607779.0,0.0
1858,236,01/08/21,FAILED,MXN,8,54146.0,0.0
1859,237,01/07/21,IN_PROGRESS,MXN,"1,343",1089519.5,0.0
1860,237,01/07/21,COMPLETED,MXN,652,564848.5,0.0
1861,237,01/07/21,FAILED,MXN,71,54670.0,0.0
1862,237,01/08/21,IN_PROGRESS,MXN,"1,292",1022056.53,0.0
1863,237,01/08/21,COMPLETED,MXN,724,644821.51,0.0
1864,237,01/08/21,FAILED,MXN,53,63689.0,0.0
1865,238,01/07/21,FAILED,MXN,"1,383",4576362.03,0.0
1866,238,01/07/21,COMPLETED,MXN,319,1116201.73,186620.13
1867,238,01/07/21,CANCELLED,MXN,76,231284.9,0.0
1868,238,01/07/21,IN_PROGRESS,MXN,9,38203.05,0.0
1869,238,01/08/21,FAILED,MXN,"1,713",4302030.16,0.0
1870,238,01/08/21,COMPLETED,MXN,479,1310712.17,26192.92
1871,238,01/08/21,CANCELLED,MXN,97,486101.6,0.0
1872,238,01/08/21,IN_PROGRESS,MXN,44,205868.8,0.0
1873,239,01/07/21,COMPLETED,MXN,"2,323",4086393.0,0.0
1874,239,01/07/21,FAILED,MXN,8,15600.0,0.0
1875,239,01/07/21,CANCELLED,MXN,1,2000.0,0.0
1876,239,01/08/21,COMPLETED,MXN,"1,772",3355327.0,0.0
1877,239,01/08/21,FAILED,MXN,10,27200.0,0.0
1878,240,01/07/21,COMPLETED,MXN,769,1413945.08,3863.36
1879,240,01/07/21,FAILED,MXN,272,494577.27,0.0
1880,240,01/07/21,IN_PROGRESS,MXN,142,306012.34,0.0
1881,240,01/07/21,CANCELLED,MXN,54,103612.41,0.0
1882,240,01/07/21,EXPIRED,MXN,43,58083.62,0.0
1883,240,01/07/21,ERROR,MXN,2,3019.97,0.0
1884,240,01/08/21,COMPLETED,MXN,"1,221",2170584.82,0.0
1885,240,01/08/21,FAILED,MXN,842,1623102.95,0.0
1886,240,01/08/21,IN_PROGRESS,MXN,373,708413.84,0.0
1887,240,01/08/21,EXPIRED,MXN,301,576870.25,0.0
1888,240,01/08/21,CANCELLED,MXN,62,126130.36,0.0
1889,240,01/08/21,ERROR,MXN,1,1681.31,0.0
1890,241,01/07/21,FAILED,MXN,"1,922",1191887.4,0.0
1891,241,01/07/21,COMPLETED,MXN,909,558362.71,24324.0
1892,241,01/08/21,FAILED,MXN,744,488125.3,0.0
1893,241,01/08/21,COMPLETED,MXN,479,274725.0,9606.0
1894,241,01/08/21,ERROR,MXN,2,1298.0,0.0
1895,242,01/07/21,COMPLETED,MXN,51,9309.0,47.4
1896,242,01/07/21,FAILED,MXN,41,3074.8,0.0
1897,242,01/08/21,FAILED,MXN,"3,615",153100.4,0.0
1898,242,01/08/21,COMPLETED,MXN,310,17643.19,2057.0
1899,243,01/07/21,COMPLETED,MXN,"1,739",19067238.54,0.0
1900,243,01/07/21,FAILED,MXN,6,61139.5,0.0
1901,243,01/07/21,CANCELLED,MXN,2,6510.0,0.0
1902,243,01/08/21,COMPLETED,MXN,"2,230",26124596.06,0.0
1903,243,01/08/21,FAILED,MXN,7,31337.5,0.0
1904,244,01/07/21,COMPLETED,MXN,"1,426",337894.9,3477.0
1905,244,01/07/21,FAILED,MXN,616,181946.1,0.0
1906,244,01/08/21,COMPLETED,MXN,"1,308",308587.8,6006.0
1907,244,01/08/21,FAILED,MXN,598,181559.0,0.0
1908,244,01/08/21,ERROR,MXN,1,298.0,0.0
1909,245,01/07/21,COMPLETED,MXN,"1,123",485387.06,0.0
1910,245,01/07/21,FAILED,MXN,763,503412.37,0.0
1911,245,01/08/21,COMPLETED,MXN,"1,077",742830.27,15027.84
1912,245,01/08/21,FAILED,MXN,972,829695.07,0.0
1913,246,01/07/21,FAILED,MXN,731,5079527.22,0.0
1914,246,01/07/21,COMPLETED,MXN,703,4330957.2,30181.54
1915,246,01/07/21,CANCELLED,MXN,120,905540.08,0.0
1916,246,01/07/21,ERROR,MXN,1,9200.0,0.0
1917,246,01/08/21,COMPLETED,MXN,"1,168",5533581.45,139929.71
1918,246,01/08/21,FAILED,MXN,"1,033",6190020.97,0.0
1919,246,01/08/21,CANCELLED,MXN,145,899709.47,0.0
1920,247,01/07/21,FAILED,MXN,"3,828",5318.0,0.0
1921,247,01/07/21,COMPLETED,MXN,6,1319.0,0.0
1922,247,01/08/21,FAILED,MXN,55,10200.0,0.0
1923,248,01/07/21,COMPLETED,MXN,"1,382",383375.55,4841.0
1924,248,01/07/21,FAILED,MXN,633,243937.6,0.0
1925,248,01/08/21,COMPLETED,MXN,"1,263",343656.0,5098.0
1926,248,01/08/21,FAILED,MXN,582,198803.6,0.0
1927,249,01/07/21,COMPLETED,MXN,"1,306",473894.3,0.0
1928,249,01/07/21,FAILED,MXN,901,340107.86,0.0
1929,249,01/07/21,EXPIRED,MXN,335,130786.16,0.0
1930,249,01/07/21,ERROR,MXN,15,5525.63,0.0
1931,249,01/08/21,COMPLETED,MXN,762,305702.32,0.0
1932,249,01/08/21,FAILED,MXN,389,136377.14,0.0
1933,249,01/08/21,EXPIRED,MXN,145,55810.13,0.0
1934,250,01/07/21,FAILED,MXN,818,445406.6,0.0
1935,250,01/07/21,COMPLETED,MXN,373,363386.71,6440.55
1936,250,01/07/21,CANCELLED,MXN,203,4210.35,0.0
1937,250,01/07/21,ERROR,MXN,2,41.19,0.0
1938,250,01/08/21,FAILED,MXN,"1,423",614378.55,0.0
1939,250,01/08/21,COMPLETED,MXN,565,610212.92,26726.89
1940,250,01/08/21,CANCELLED,MXN,428,8950.24,0.0
1941,250,01/08/21,EXPIRED,MXN,1,200.0,0.0
1942,251,01/07/21,COMPLETED,MXN,791,1186799.57,0.0
1943,251,01/07/21,FAILED,MXN,781,1294564.63,0.0
1944,251,01/07/21,EXPIRED,MXN,310,431935.65,0.0
1945,251,01/07/21,IN_PROGRESS,MXN,182,351929.78,0.0
1946,251,01/07/21,ERROR,MXN,1,381.06,0.0
1947,251,01/08/21,FAILED,MXN,663,1100486.79,0.0
1948,251,01/08/21,COMPLETED,MXN,621,938937.14,2307.24
1949,251,01/08/21,EXPIRED,MXN,242,397066.16,0.0
1950,251,01/08/21,IN_PROGRESS,MXN,195,280438.02,0.0
1951,251,01/08/21,ERROR,MXN,3,5419.52,0.0
1952,252,01/07/21,COMPLETED,MXN,"1,066",942428.42,590.0
1953,252,01/07/21,FAILED,MXN,430,460130.05,0.0
1954,252,01/07/21,CHARGE_PENDING,MXN,254,230628.45,0.0
1955,252,01/07/21,IN_PROGRESS,MXN,42,38912.2,0.0
1956,252,01/07/21,ERROR,MXN,5,4850.1,0.0
1957,252,01/07/21,CANCELLED,MXN,1,250.0,0.0
1958,252,01/08/21,COMPLETED,MXN,"1,043",965964.11,4947.16
1959,252,01/08/21,FAILED,MXN,581,587598.62,0.0
1960,252,01/08/21,CHARGE_PENDING,MXN,249,222699.44,0.0
1961,252,01/08/21,IN_PROGRESS,MXN,17,26122.22,0.0
1962,253,01/07/21,FAILED,MXN,"1,168",350383.13,0.0
1963,253,01/07/21,COMPLETED,MXN,708,354337.71,245.0
1964,253,01/08/21,FAILED,MXN,"1,083",384869.85,0.0
1965,253,01/08/21,COMPLETED,MXN,723,273491.22,0.0
1966,254,01/07/21,COMPLETED,MXN,"1,829",820190.06,0.0
1967,254,01/07/21,FAILED,MXN,13,4501.0,0.0
1968,254,01/07/21,CANCELLED,MXN,3,2391.0,0.0
1969,254,01/08/21,COMPLETED,MXN,"1,778",725658.08,0.0
1970,254,01/08/21,FAILED,MXN,16,5860.0,0.0
1971,255,01/07/21,FAILED,MXN,"1,524",1584538.2,0.0
1972,255,01/07/21,COMPLETED,MXN,470,462518.01,94402.85
1973,255,01/07/21,ERROR,MXN,2,1846.51,0.0
1974,255,01/08/21,FAILED,MXN,"1,214",1285222.66,0.0
1975,255,01/08/21,COMPLETED,MXN,407,409375.54,71443.85
1976,255,01/08/21,ERROR,MXN,2,1575.0,0.0
1977,256,01/07/21,COMPLETED,MXN,"1,175",286348.0,21941.0
1978,256,01/07/21,FAILED,MXN,612,180855.0,0.0
1979,256,01/08/21,COMPLETED,MXN,"1,139",283327.0,26811.0
1980,256,01/08/21,FAILED,MXN,676,239026.0,0.0
1981,257,01/07/21,COMPLETED,MXN,"1,801",534650.0,0.0
1982,257,01/07/21,FAILED,MXN,7,3240.0,0.0
1983,257,01/07/21,CANCELLED,MXN,3,840.0,0.0
1984,257,01/08/21,COMPLETED,MXN,"1,732",517814.0,0.0
1985,257,01/08/21,FAILED,MXN,23,6708.0,0.0
1986,258,01/07/21,IN_PROGRESS,MXN,824,395810.0,0.0
1987,258,01/07/21,COMPLETED,MXN,796,142870.0,0.0
1988,258,01/07/21,FAILED,MXN,39,8209.0,0.0
1989,258,01/08/21,COMPLETED,MXN,924,162689.0,0.0
1990,258,01/08/21,IN_PROGRESS,MXN,895,332925.2,0.0
1991,258,01/08/21,FAILED,MXN,49,9302.0,0.0
1992,259,01/07/21,FAILED,MXN,640,864102.13,0.0
1993,259,01/07/21,COMPLETED,MXN,416,552886.86,8389.0
1994,259,01/07/21,ERROR,MXN,1,1969.0,0.0
1995,259,01/08/21,FAILED,MXN,"1,636",1966402.39,0.0
1996,259,01/08/21,COMPLETED,MXN,826,991902.66,9154.0
1997,259,01/08/21,CANCELLED,MXN,1,217369.92,0.0
1998,260,01/07/21,COMPLETED,MXN,"1,713",4374585.07,0.0
1999,260,01/07/21,FAILED,MXN,7,6773.0,0.0
